,museum,address,longitude,latitude,ID,mus_point,station_id,name,region_id,capacity_x,lat,lon,station_status___1_,stat_point,closest,approx_distance_miles,Station_Name,num_bikes_available,num_docks_available,num_ebikes_available,capacity_y,station_lat,station_lon,last_updated_date,avlb_bikes,avlb_docks
0,African American Civil War Memorial Museum,1925 VERMONT AVENUE NW,-77.02536383,38.91643609,310615,POINT(-77.02536383 38.91643609),43,10th & U St NW,42.0,15,38.9172,-77.0259,active,POINT(-77.0259 38.9172),True,0.06015156780018512,10th & U St NW,3,10,0,15,38.9172,-77.0259,2020-08-17 09:03:05,True,True
1,African American Civil War Memorial Museum,1925 VERMONT AVENUE NW,-77.02536383,38.91643609,310615,POINT(-77.02536383 38.91643609),242,12th & U St NW,42.0,31,38.916787,-77.028139,active,POINT(-77.028139 38.916787),True,0.1511797173647359,12th & U St NW,13,18,2,31,38.916787,-77.028139,2020-08-17 09:03:05,True,True
2,African American Civil War Memorial Museum,1925 VERMONT AVENUE NW,-77.02536383,38.91643609,310615,POINT(-77.02536383 38.91643609),47,7th & T St NW,42.0,15,38.9155,-77.0222,active,POINT(-77.0222 38.9155),True,0.18200678451670813,7th & T St NW,3,12,0,15,38.9155,-77.0222,2020-08-17 09:03:05,True,True
3,African American Civil War Memorial Museum,1925 VERMONT AVENUE NW,-77.02536383,38.91643609,310615,POINT(-77.02536383 38.91643609),367,11th & S St NW,42.0,23,38.913761,-77.027025,active,POINT(-77.027025 38.913761),True,0.20531898107185756,11th & S St NW,20,3,1,23,38.913761,-77.027025,2020-08-17 09:03:05,True,True
4,African American Civil War Memorial Museum,1925 VERMONT AVENUE NW,-77.02536383,38.91643609,310615,POINT(-77.02536383 38.91643609),587,7th & S St NW,42.0,19,38.914204318729794,-77.0221745967865,active,POINT(-77.0221745967865 38.9142043187298),True,0.2306440450587092,7th & S St NW,10,7,0,19,38.91420431872979,-77.0221745967865,2020-08-17 09:03:05,True,True
5,America's Islamic Heritage Museum,2315 MARTIN LUTHER KING JR AVENUE SE,-76.99188292,38.86324023,147815,POINT(-76.99188292 38.86324023),240,Pleasant St & MLK Ave SE,42.0,11,38.863896999999994,-76.990037,active,POINT(-76.990037 38.863897),True,0.10920869311355064,Pleasant St & MLK Ave SE,5,6,0,11,38.863897,-76.990037,2020-08-17 09:03:05,True,True
6,Frederick Douglass National Historic Site,1411 W STREET SE,-76.98517717,38.863382,293207,POINT(-76.98517717 38.863382),240,Pleasant St & MLK Ave SE,42.0,11,38.863896999999994,-76.990037,active,POINT(-76.990037 38.863897),True,0.26392074517488373,Pleasant St & MLK Ave SE,5,6,0,11,38.863897,-76.990037,2020-08-17 09:03:05,True,True
7,America's Islamic Heritage Museum,2315 MARTIN LUTHER KING JR AVENUE SE,-76.99188292,38.86324023,147815,POINT(-76.99188292 38.86324023),39,Anacostia Metro,42.0,11,38.862669,-76.994637,active,POINT(-76.994637 38.862669),True,0.1533675876186841,Anacostia Metro,5,5,0,11,38.862669,-76.994637,2020-08-17 09:03:05,True,True
8,Frederick Douglass National Historic Site,1411 W STREET SE,-76.98517717,38.863382,293207,POINT(-76.98517717 38.863382),39,Anacostia Metro,42.0,11,38.862669,-76.994637,active,POINT(-76.994637 38.862669),True,0.5114219835653966,Anacostia Metro,5,5,0,11,38.862669,-76.994637,2020-08-17 09:03:05,True,True
9,America's Islamic Heritage Museum,2315 MARTIN LUTHER KING JR AVENUE SE,-76.99188292,38.86324023,147815,POINT(-76.99188292 38.86324023),40,Good Hope Rd & MLK Ave SE,42.0,11,38.867373,-76.988039,active,POINT(-76.988039 38.867373),True,0.3526389966698967,Good Hope Rd & MLK Ave SE,7,4,0,11,38.867373,-76.988039,2020-08-17 09:03:05,True,True
10,Frederick Douglass National Historic Site,1411 W STREET SE,-76.98517717,38.863382,293207,POINT(-76.98517717 38.863382),40,Good Hope Rd & MLK Ave SE,42.0,11,38.867373,-76.988039,active,POINT(-76.988039 38.867373),True,0.3158882712371961,Good Hope Rd & MLK Ave SE,7,4,0,11,38.867373,-76.988039,2020-08-17 09:03:05,True,True
11,America's Islamic Heritage Museum,2315 MARTIN LUTHER KING JR AVENUE SE,-76.99188292,38.86324023,147815,POINT(-76.99188292 38.86324023),179,Good Hope Rd & 14th St SE,42.0,15,38.866611,-76.985238,active,POINT(-76.985238 38.866611),True,0.4267480961146155,Good Hope Rd & 14th St SE,11,4,0,15,38.866611,-76.985238,2020-08-17 09:03:05,True,True
12,Frederick Douglass National Historic Site,1411 W STREET SE,-76.98517717,38.863382,293207,POINT(-76.98517717 38.863382),179,Good Hope Rd & 14th St SE,42.0,15,38.866611,-76.985238,active,POINT(-76.985238 38.866611),True,0.22317439764140504,Good Hope Rd & 14th St SE,11,4,0,15,38.866611,-76.985238,2020-08-17 09:03:05,True,True
13,America's Islamic Heritage Museum,2315 MARTIN LUTHER KING JR AVENUE SE,-76.99188292,38.86324023,147815,POINT(-76.99188292 38.86324023),531,Stanton Square SE,42.0,19,38.855004,-76.984512,active,POINT(-76.984512 38.855004),True,0.6937695630529055,Stanton Square SE,1,18,0,19,38.855004,-76.984512,2020-08-17 09:03:05,False,True
14,American Poetry Museum,716 MONROE STREET NE,-76.99500622,38.93283333,309744,POINT(-76.99500622 38.93283333),93,10th & Monroe St NE,42.0,15,38.932514000000005,-76.992889,active,POINT(-76.992889 38.932514),True,0.11593768999695793,10th & Monroe St NE,2,13,0,15,38.93251400000001,-76.992889,2020-08-17 09:03:05,False,True
15,The Saint John Paul II National Shrine,3900 HAREWOOD ROAD NE,-77.00466482,38.93775908,288031,POINT(-77.00466482 38.93775908),93,10th & Monroe St NE,42.0,15,38.932514000000005,-76.992889,active,POINT(-76.992889 38.932514),True,0.7294596083254042,10th & Monroe St NE,2,13,0,15,38.93251400000001,-76.992889,2020-08-17 09:03:05,False,True
16,American Poetry Museum,716 MONROE STREET NE,-76.99500622,38.93283333,309744,POINT(-76.99500622 38.93283333),30,John McCormack Dr & Michigan Ave NE,42.0,11,38.9346,-76.9955,active,POINT(-76.9955 38.9346),True,0.12494362883235174,John McCormack Dr & Michigan Ave NE,8,1,0,11,38.9346,-76.9955,2020-08-17 09:03:05,True,False
17,The Saint John Paul II National Shrine,3900 HAREWOOD ROAD NE,-77.00466482,38.93775908,288031,POINT(-77.00466482 38.93775908),30,John McCormack Dr & Michigan Ave NE,42.0,11,38.9346,-76.9955,active,POINT(-76.9955 38.9346),True,0.5388663292291926,John McCormack Dr & Michigan Ave NE,8,1,0,11,38.9346,-76.9955,2020-08-17 09:03:05,True,False
18,American Poetry Museum,716 MONROE STREET NE,-76.99500622,38.93283333,309744,POINT(-76.99500622 38.93283333),73,12th & Newton St NE,42.0,11,38.933668,-76.991016,active,POINT(-76.991016 38.933668),True,0.22212575500555434,12th & Newton St NE,6,5,0,11,38.933668,-76.991016,2020-08-17 09:03:05,True,True
19,American Poetry Museum,716 MONROE STREET NE,-76.99500622,38.93283333,309744,POINT(-76.99500622 38.93283333),237,12th & Irving St NE,42.0,15,38.928644,-76.990955,active,POINT(-76.990955 38.928644),True,0.3622894531235516,12th & Irving St NE,1,12,2,15,38.928644,-76.990955,2020-08-17 09:03:05,False,True
20,American Poetry Museum,716 MONROE STREET NE,-76.99500622,38.93283333,309744,POINT(-76.99500622 38.93283333),254,Hamlin & 7th St NE,42.0,15,38.927496999999995,-76.997194,active,POINT(-76.997194 38.927497),True,0.38708544740450335,Hamlin & 7th St NE,1,12,2,15,38.927497,-76.997194,2020-08-17 09:03:05,False,True
21,American Red Cross Museum,430 17TH STREET NW,-77.04020477,38.89481909,300987,POINT(-77.04020477 38.89481909),393,18th & C St NW,42.0,19,38.893511,-77.04154399999999,active,POINT(-77.041544 38.893511),True,0.1155896625637168,18th & C St NW,7,11,0,18,38.893511,-77.04154399999999,2020-08-17 09:03:05,True,True
22,Corcoran Gallery of Art,500 17TH STREET NW,-77.03974044,38.89584701,279802,POINT(-77.03974044 38.89584701),393,18th & C St NW,42.0,19,38.893511,-77.04154399999999,active,POINT(-77.041544 38.893511),True,0.18834178054916875,18th & C St NW,7,11,0,18,38.893511,-77.04154399999999,2020-08-17 09:03:05,True,True
23,Daughters of the American Revolution Museum,1776 D STREET NW,-77.03999645,38.89395841,279384,POINT(-77.03999645 38.89395841),393,18th & C St NW,42.0,19,38.893511,-77.04154399999999,active,POINT(-77.041544 38.893511),True,0.08879635763255696,18th & C St NW,7,11,0,18,38.893511,-77.04154399999999,2020-08-17 09:03:05,True,True
24,Interior Museum,1849 C STREET NW,-77.04260027,38.89444538,293214,POINT(-77.04260027 38.89444538),393,18th & C St NW,42.0,19,38.893511,-77.04154399999999,active,POINT(-77.041544 38.893511),True,0.08600909504385001,18th & C St NW,7,11,0,18,38.893511,-77.04154399999999,2020-08-17 09:03:05,True,True
25,American Red Cross Museum,430 17TH STREET NW,-77.04020477,38.89481909,300987,POINT(-77.04020477 38.89481909),41,19th & E Street NW,42.0,11,38.8952,-77.0436,active,POINT(-77.0436 38.8952),True,0.18450595929740196,19th & E Street NW,7,4,0,11,38.8952,-77.0436,2020-08-17 09:03:05,True,True
26,Corcoran Gallery of Art,500 17TH STREET NW,-77.03974044,38.89584701,279802,POINT(-77.03974044 38.89584701),41,19th & E Street NW,42.0,11,38.8952,-77.0436,active,POINT(-77.0436 38.8952),True,0.2123526537234217,19th & E Street NW,7,4,0,11,38.8952,-77.0436,2020-08-17 09:03:05,True,True
27,Daughters of the American Revolution Museum,1776 D STREET NW,-77.03999645,38.89395841,279384,POINT(-77.03999645 38.89395841),41,19th & E Street NW,42.0,11,38.8952,-77.0436,active,POINT(-77.0436 38.8952),True,0.21196760060421174,19th & E Street NW,7,4,0,11,38.8952,-77.0436,2020-08-17 09:03:05,True,True
28,Interior Museum,1849 C STREET NW,-77.04260027,38.89444538,293214,POINT(-77.04260027 38.89444538),41,19th & E Street NW,42.0,11,38.8952,-77.0436,active,POINT(-77.0436 38.8952),True,0.07490752390696834,19th & E Street NW,7,4,0,11,38.8952,-77.0436,2020-08-17 09:03:05,True,True
29,American Red Cross Museum,430 17TH STREET NW,-77.04020477,38.89481909,300987,POINT(-77.04020477 38.89481909),349,17th & G St NW,42.0,31,38.89829964921176,-77.03973233699799,active,POINT(-77.039732336998 38.8982996492118),True,0.2418736325779417,17th & G St NW,9,22,0,31,38.89829964921176,-77.03973233699799,2020-08-17 09:03:05,True,True
30,Corcoran Gallery of Art,500 17TH STREET NW,-77.03974044,38.89584701,279802,POINT(-77.03974044 38.89584701),349,17th & G St NW,42.0,31,38.89829964921176,-77.03973233699799,active,POINT(-77.039732336998 38.8982996492118),True,0.16949805272348015,17th & G St NW,9,22,0,31,38.89829964921176,-77.03973233699799,2020-08-17 09:03:05,True,True
31,Daughters of the American Revolution Museum,1776 D STREET NW,-77.03999645,38.89395841,279384,POINT(-77.03999645 38.89395841),349,17th & G St NW,42.0,31,38.89829964921176,-77.03973233699799,active,POINT(-77.039732336998 38.8982996492118),True,0.3003513721265205,17th & G St NW,9,22,0,31,38.89829964921176,-77.03973233699799,2020-08-17 09:03:05,True,True
32,Decatur House Museum,748 JACKSON PLACE NW,-77.03819661,38.90002633,293257,POINT(-77.03819661 38.90002633),349,17th & G St NW,42.0,31,38.89829964921176,-77.03973233699799,active,POINT(-77.039732336998 38.8982996492118),True,0.14512540634771556,17th & G St NW,9,22,0,31,38.89829964921176,-77.03973233699799,2020-08-17 09:03:05,True,True
33,American Red Cross Museum,430 17TH STREET NW,-77.04020477,38.89481909,300987,POINT(-77.04020477 38.89481909),109,19th St & Constitution Ave NW,42.0,35,38.8923,-77.0436,active,POINT(-77.0436 38.8923),True,0.2523055913686001,19th St & Constitution Ave NW,30,3,0,35,38.8923,-77.0436,2020-08-17 09:03:05,True,True
34,Daughters of the American Revolution Museum,1776 D STREET NW,-77.03999645,38.89395841,279384,POINT(-77.03999645 38.89395841),109,19th St & Constitution Ave NW,42.0,35,38.8923,-77.0436,active,POINT(-77.0436 38.8923),True,0.22517738267013673,19th St & Constitution Ave NW,30,3,0,35,38.8923,-77.0436,2020-08-17 09:03:05,True,True
35,Interior Museum,1849 C STREET NW,-77.04260027,38.89444538,293214,POINT(-77.04260027 38.89444538),109,19th St & Constitution Ave NW,42.0,35,38.8923,-77.0436,active,POINT(-77.0436 38.8923),True,0.15771370077096725,19th St & Constitution Ave NW,30,3,0,35,38.8923,-77.0436,2020-08-17 09:03:05,True,True
36,American Red Cross Museum,430 17TH STREET NW,-77.04020477,38.89481909,300987,POINT(-77.04020477 38.89481909),206,20th St & Virginia Ave NW,42.0,15,38.894721999999994,-77.045128,active,POINT(-77.045128 38.894722),True,0.26489050586272805,20th St & Virginia Ave NW,3,10,0,15,38.894722,-77.045128,2020-08-17 09:03:05,True,True
37,Daughters of the American Revolution Museum,1776 D STREET NW,-77.03999645,38.89395841,279384,POINT(-77.03999645 38.89395841),206,20th St & Virginia Ave NW,42.0,15,38.894721999999994,-77.045128,active,POINT(-77.045128 38.894722),True,0.2810113482255591,20th St & Virginia Ave NW,3,10,0,15,38.894722,-77.045128,2020-08-17 09:03:05,True,True
38,Interior Museum,1849 C STREET NW,-77.04260027,38.89444538,293214,POINT(-77.04260027 38.89444538),206,20th St & Virginia Ave NW,42.0,15,38.894721999999994,-77.045128,active,POINT(-77.045128 38.894722),True,0.13729662468773182,20th St & Virginia Ave NW,3,10,0,15,38.894722,-77.045128,2020-08-17 09:03:05,True,True
39,Anderson House,2118 MASSACHUSETTS AVENUE NW,-77.04770288,38.91071637,293220,POINT(-77.04770288 38.91071637),394,22nd & P ST NW,42.0,19,38.909394,-77.048728,active,POINT(-77.048728 38.909394),True,0.10672587495588627,22nd & P ST NW,11,8,0,19,38.909394,-77.048728,2020-08-17 09:03:05,True,True
40,Dumbarton House,2715 Q STREET NW,-77.05586536,38.91085356,273151,POINT(-77.05586536 38.91085356),394,22nd & P ST NW,42.0,19,38.909394,-77.048728,active,POINT(-77.048728 38.909394),True,0.3968466982431239,22nd & P ST NW,11,8,0,19,38.909394,-77.048728,2020-08-17 09:03:05,True,True
41,Heurich House Museum,1307 NEW HAMPSHIRE AVENUE NW,-77.04460391,38.90802275,241060,POINT(-77.04460391 38.90802275),394,22nd & P ST NW,42.0,19,38.909394,-77.048728,active,POINT(-77.048728 38.909394),True,0.2411765203216335,22nd & P ST NW,11,8,0,19,38.909394,-77.048728,2020-08-17 09:03:05,True,True
42,O Street Museum,2020 O STREET NW,-77.04592519,38.90838357,243057,POINT(-77.04592519 38.90838357),394,22nd & P ST NW,42.0,19,38.909394,-77.048728,active,POINT(-77.048728 38.909394),True,0.16611442155544273,22nd & P ST NW,11,8,0,19,38.909394,-77.048728,2020-08-17 09:03:05,True,True
43,Woodrow Wilson House,2340 S STREET NW,-77.05170373,38.91385408,218994,POINT(-77.05170373 38.91385408),394,22nd & P ST NW,42.0,19,38.909394,-77.048728,active,POINT(-77.048728 38.909394),True,0.3472897307785693,22nd & P ST NW,11,8,0,19,38.909394,-77.048728,2020-08-17 09:03:05,True,True
44,Anderson House,2118 MASSACHUSETTS AVENUE NW,-77.04770288,38.91071637,293220,POINT(-77.04770288 38.91071637),485,Connecticut Ave & R St NW,42.0,19,38.912644,-77.04564,active,POINT(-77.04564 38.912644),True,0.17335404300005133,Connecticut Ave & R St NW,17,2,1,19,38.912644,-77.04564,2020-08-17 09:03:05,True,False
45,L. Ron Hubbard House,1812 19TH STREET NW,-77.04373354,38.91458854,240991,POINT(-77.04373354 38.91458854),485,Connecticut Ave & R St NW,42.0,19,38.912644,-77.04564,active,POINT(-77.04564 38.912644),True,0.16902185462692654,Connecticut Ave & R St NW,17,2,1,19,38.912644,-77.04564,2020-08-17 09:03:05,True,False
46,National Museum of American Jewish Military History,1811 R STREET NW,-77.04211348,38.91281314,243292,POINT(-77.04211348 38.91281314),485,Connecticut Ave & R St NW,42.0,19,38.912644,-77.04564,active,POINT(-77.04564 38.912644),True,0.18999268676120992,Connecticut Ave & R St NW,17,2,1,19,38.912644,-77.04564,2020-08-17 09:03:05,True,False
47,O Street Museum,2020 O STREET NW,-77.04592519,38.90838357,243057,POINT(-77.04592519 38.90838357),485,Connecticut Ave & R St NW,42.0,19,38.912644,-77.04564,active,POINT(-77.04564 38.912644),True,0.29482980550763355,Connecticut Ave & R St NW,17,2,1,19,38.912644,-77.04564,2020-08-17 09:03:05,True,False
48,Whittemore House,1526 NEW HAMPSHIRE AVENUE NW,-77.04266708,38.91093038,225724,POINT(-77.04266708 38.91093038),485,Connecticut Ave & R St NW,42.0,19,38.912644,-77.04564,active,POINT(-77.04564 38.912644),True,0.19895139401714726,Connecticut Ave & R St NW,17,2,1,19,38.912644,-77.04564,2020-08-17 09:03:05,True,False
49,Woodrow Wilson House,2340 S STREET NW,-77.05170373,38.91385408,218994,POINT(-77.05170373 38.91385408),485,Connecticut Ave & R St NW,42.0,19,38.912644,-77.04564,active,POINT(-77.04564 38.912644),True,0.33661779597873875,Connecticut Ave & R St NW,17,2,1,19,38.912644,-77.04564,2020-08-17 09:03:05,True,False
50,Anderson House,2118 MASSACHUSETTS AVENUE NW,-77.04770288,38.91071637,293220,POINT(-77.04770288 38.91071637),51,Massachusetts Ave & Dupont Circle NW,42.0,45,38.9101,-77.0444,active,POINT(-77.0444 38.9101),True,0.1826491530801564,Massachusetts Ave & Dupont Circle NW,29,12,1,45,38.9101,-77.0444,2020-08-17 09:03:05,True,True
51,Heurich House Museum,1307 NEW HAMPSHIRE AVENUE NW,-77.04460391,38.90802275,241060,POINT(-77.04460391 38.90802275),51,Massachusetts Ave & Dupont Circle NW,42.0,45,38.9101,-77.0444,active,POINT(-77.0444 38.9101),True,0.1439732097945434,Massachusetts Ave & Dupont Circle NW,29,12,1,45,38.9101,-77.0444,2020-08-17 09:03:05,True,True
52,O Street Museum,2020 O STREET NW,-77.04592519,38.90838357,243057,POINT(-77.04592519 38.90838357),51,Massachusetts Ave & Dupont Circle NW,42.0,45,38.9101,-77.0444,active,POINT(-77.0444 38.9101),True,0.1442137688469386,Massachusetts Ave & Dupont Circle NW,29,12,1,45,38.9101,-77.0444,2020-08-17 09:03:05,True,True
53,Whittemore House,1526 NEW HAMPSHIRE AVENUE NW,-77.04266708,38.91093038,225724,POINT(-77.04266708 38.91093038),51,Massachusetts Ave & Dupont Circle NW,42.0,45,38.9101,-77.0444,active,POINT(-77.0444 38.9101),True,0.1094400706307838,Massachusetts Ave & Dupont Circle NW,29,12,1,45,38.9101,-77.0444,2020-08-17 09:03:05,True,True
54,Woodrow Wilson House,2340 S STREET NW,-77.05170373,38.91385408,218994,POINT(-77.05170373 38.91385408),51,Massachusetts Ave & Dupont Circle NW,42.0,45,38.9101,-77.0444,active,POINT(-77.0444 38.9101),True,0.470702255344439,Massachusetts Ave & Dupont Circle NW,29,12,1,45,38.9101,-77.0444,2020-08-17 09:03:05,True,True
55,Anderson House,2118 MASSACHUSETTS AVENUE NW,-77.04770288,38.91071637,293220,POINT(-77.04770288 38.91071637),107,20th & O St NW / Dupont South,42.0,19,38.908905,-77.04478,active,POINT(-77.04478 38.908905),True,0.2009367018831,20th & O St NW / Dupont South,2,17,0,19,38.908905,-77.04478,2020-08-17 09:03:05,False,True
56,Heurich House Museum,1307 NEW HAMPSHIRE AVENUE NW,-77.04460391,38.90802275,241060,POINT(-77.04460391 38.90802275),107,20th & O St NW / Dupont South,42.0,19,38.908905,-77.04478,active,POINT(-77.04478 38.908905),True,0.061701698997981565,20th & O St NW / Dupont South,2,17,0,19,38.908905,-77.04478,2020-08-17 09:03:05,False,True
57,O Street Museum,2020 O STREET NW,-77.04592519,38.90838357,243057,POINT(-77.04592519 38.90838357),107,20th & O St NW / Dupont South,42.0,19,38.908905,-77.04478,active,POINT(-77.04478 38.908905),True,0.07135226966914283,20th & O St NW / Dupont South,2,17,0,19,38.908905,-77.04478,2020-08-17 09:03:05,False,True
58,Whittemore House,1526 NEW HAMPSHIRE AVENUE NW,-77.04266708,38.91093038,225724,POINT(-77.04266708 38.91093038),107,20th & O St NW / Dupont South,42.0,19,38.908905,-77.04478,active,POINT(-77.04478 38.908905),True,0.1802829844826225,20th & O St NW / Dupont South,2,17,0,19,38.908905,-77.04478,2020-08-17 09:03:05,False,True
59,Anderson House,2118 MASSACHUSETTS AVENUE NW,-77.04770288,38.91071637,293220,POINT(-77.04770288 38.91071637),556,18th & New Hampshire Ave NW,42.0,19,38.911268,-77.041829,active,POINT(-77.041829 38.911268),True,0.3181580825508413,18th & New Hampshire Ave NW,10,8,0,19,38.911268,-77.041829,2020-08-17 09:03:05,True,True
60,L. Ron Hubbard House,1812 19TH STREET NW,-77.04373354,38.91458854,240991,POINT(-77.04373354 38.91458854),556,18th & New Hampshire Ave NW,42.0,19,38.911268,-77.041829,active,POINT(-77.041829 38.911268),True,0.2512925654937709,18th & New Hampshire Ave NW,10,8,0,19,38.911268,-77.041829,2020-08-17 09:03:05,True,True
61,National Museum of American Jewish Military History,1811 R STREET NW,-77.04211348,38.91281314,243292,POINT(-77.04211348 38.91281314),556,18th & New Hampshire Ave NW,42.0,19,38.911268,-77.041829,active,POINT(-77.041829 38.911268),True,0.10787205380096147,18th & New Hampshire Ave NW,10,8,0,19,38.911268,-77.041829,2020-08-17 09:03:05,True,True
62,Whittemore House,1526 NEW HAMPSHIRE AVENUE NW,-77.04266708,38.91093038,225724,POINT(-77.04266708 38.91093038),556,18th & New Hampshire Ave NW,42.0,19,38.911268,-77.041829,active,POINT(-77.041829 38.911268),True,0.050749061505560925,18th & New Hampshire Ave NW,10,8,0,19,38.911268,-77.041829,2020-08-17 09:03:05,True,True
63,Armenian Genocide Museum and Memorial,1334 G STREET NW,-77.03108204,38.89804146,240658,POINT(-77.03108204 38.89804146),117,14th & G St NW,42.0,23,38.898409,-77.032278,active,POINT(-77.032278 38.898409),True,0.06915726063107164,14th & G St NW,11,12,0,23,38.898409,-77.032278,2020-08-17 09:03:05,True,True
64,Armenian Genocide Museum and Memorial,1334 G STREET NW,-77.03108204,38.89804146,240658,POINT(-77.03108204 38.89804146),69,14th St & New York Ave NW,42.0,23,38.899632000000004,-77.031686,active,POINT(-77.031686 38.899632),True,0.11461863553233635,14th St & New York Ave NW,8,15,0,23,38.899632,-77.031686,2020-08-17 09:03:05,True,True
65,Armenian Genocide Museum and Memorial,1334 G STREET NW,-77.03108204,38.89804146,240658,POINT(-77.03108204 38.89804146),501,15th St & Pennsylvania Ave NW,42.0,19,38.89646474748647,-77.0333808660507,active,POINT(-77.0333808660507 38.8964647474865),True,0.16480465579951753,15th St & Pennsylvania Ave NW,5,12,0,19,38.89646474748647,-77.0333808660507,2020-08-17 09:03:05,True,True
66,Armenian Genocide Museum and Memorial,1334 G STREET NW,-77.03108204,38.89804146,240658,POINT(-77.03108204 38.89804146),91,13th St & New York Ave NW,42.0,23,38.900283,-77.029822,active,POINT(-77.029822 38.900283),True,0.16908413551527404,13th St & New York Ave NW,16,5,0,23,38.900283,-77.029822,2020-08-17 09:03:05,True,True
67,Armenian Genocide Museum and Memorial,1334 G STREET NW,-77.03108204,38.89804146,240658,POINT(-77.03108204 38.89804146),103,Metro Center / 12th & G St NW,42.0,39,38.898364,-77.027869,active,POINT(-77.027869 38.898364),True,0.17424288606515886,Metro Center / 12th & G St NW,31,8,0,39,38.898364,-77.027869,2020-08-17 09:03:05,True,True
68,Ford's Theatre,511 10TH STREET NW,-77.02579655,38.89658294,239829,POINT(-77.02579655 38.89658294),103,Metro Center / 12th & G St NW,42.0,39,38.898364,-77.027869,active,POINT(-77.027869 38.898364),True,0.16605695707506546,Metro Center / 12th & G St NW,31,8,0,39,38.898364,-77.027869,2020-08-17 09:03:05,True,True
69,Petersen House,516 10TH STREET NW,-77.02619882,38.89676807,239374,POINT(-77.02619882 38.89676807),103,Metro Center / 12th & G St NW,42.0,39,38.898364,-77.027869,active,POINT(-77.027869 38.898364),True,0.1422455098887376,Metro Center / 12th & G St NW,31,8,0,39,38.898364,-77.027869,2020-08-17 09:03:05,True,True
70,Charles Sumner School,1201 17TH STREET NW,-77.03823126,38.90596805,301200,POINT(-77.03823126 38.90596805),136,Rhode Island & Connecticut Ave NW,42.0,23,38.90599569999115,-77.03980207443237,active,POINT(-77.0398020744324 38.9059956999911),True,0.08449758298928527,Rhode Island & Connecticut Ave NW,15,6,0,23,38.90599569999115,-77.03980207443237,2020-08-17 09:03:05,True,True
71,The Wilderness Society - Ansel Adams Collection,1615 M STREET NW,-77.03735337,38.90585437,301103,POINT(-77.03735337 38.90585437),136,Rhode Island & Connecticut Ave NW,42.0,23,38.90599569999115,-77.03980207443237,active,POINT(-77.0398020744324 38.9059956999911),True,0.13204935493388828,Rhode Island & Connecticut Ave NW,15,6,0,23,38.90599569999115,-77.03980207443237,2020-08-17 09:03:05,True,True
72,Charles Sumner School,1201 17TH STREET NW,-77.03823126,38.90596805,301200,POINT(-77.03823126 38.90596805),229,17th St & Massachusetts Ave NW,42.0,19,38.908142,-77.038359,active,POINT(-77.038359 38.908142),True,0.15039475305981356,17th St & Massachusetts Ave NW,8,11,0,19,38.908142,-77.038359,2020-08-17 09:03:05,True,True
73,The Wilderness Society - Ansel Adams Collection,1615 M STREET NW,-77.03735337,38.90585437,301103,POINT(-77.03735337 38.90585437),229,17th St & Massachusetts Ave NW,42.0,19,38.908142,-77.038359,active,POINT(-77.038359 38.908142),True,0.1670880276910648,17th St & Massachusetts Ave NW,8,11,0,19,38.908142,-77.038359,2020-08-17 09:03:05,True,True
74,U.S. Daughters of 1812 Library and Museum,1463 RHODE ISLAND AVENUE NW,-77.03415685,38.90835625,240224,POINT(-77.03415685 38.90835625),229,17th St & Massachusetts Ave NW,42.0,19,38.908142,-77.038359,active,POINT(-77.038359 38.908142),True,0.22646247081297524,17th St & Massachusetts Ave NW,8,11,0,19,38.908142,-77.038359,2020-08-17 09:03:05,True,True
75,Charles Sumner School,1201 17TH STREET NW,-77.03823126,38.90596805,301200,POINT(-77.03823126 38.90596805),483,15th & M St NW,42.0,19,38.905424,-77.034674,active,POINT(-77.034674 38.905424),True,0.1949644305129553,15th & M St NW,6,13,0,19,38.905424,-77.034674,2020-08-17 09:03:05,True,True
76,The Wilderness Society - Ansel Adams Collection,1615 M STREET NW,-77.03735337,38.90585437,301103,POINT(-77.03735337 38.90585437),483,15th & M St NW,42.0,19,38.905424,-77.034674,active,POINT(-77.034674 38.905424),True,0.14713057798521353,15th & M St NW,6,13,0,19,38.905424,-77.034674,2020-08-17 09:03:05,True,True
77,U.S. Daughters of 1812 Library and Museum,1463 RHODE ISLAND AVENUE NW,-77.03415685,38.90835625,240224,POINT(-77.03415685 38.90835625),483,15th & M St NW,42.0,19,38.905424,-77.034674,active,POINT(-77.034674 38.905424),True,0.2045420676859552,15th & M St NW,6,13,0,19,38.905424,-77.034674,2020-08-17 09:03:05,True,True
78,Charles Sumner School,1201 17TH STREET NW,-77.03823126,38.90596805,301200,POINT(-77.03823126 38.90596805),79,18th & M St NW,42.0,27,38.905066874553135,-77.04177886247633,active,POINT(-77.0417788624763 38.9050668745531),True,0.20069344580939655,18th & M St NW,15,10,0,27,38.905066874553135,-77.04177886247633,2020-08-17 09:03:05,True,True
79,Heurich House Museum,1307 NEW HAMPSHIRE AVENUE NW,-77.04460391,38.90802275,241060,POINT(-77.04460391 38.90802275),79,18th & M St NW,42.0,27,38.905066874553135,-77.04177886247633,active,POINT(-77.0417788624763 38.9050668745531),True,0.2545775514037045,18th & M St NW,15,10,0,27,38.905066874553135,-77.04177886247633,2020-08-17 09:03:05,True,True
80,Charles Sumner School,1201 17TH STREET NW,-77.03823126,38.90596805,301200,POINT(-77.03823126 38.90596805),54,17th & K St NW,42.0,23,38.90276,-77.03863,active,POINT(-77.03863 38.90276),True,0.2227372486498333,17th & K St NW,9,12,0,23,38.90276,-77.03863,2020-08-17 09:03:05,True,True
81,Decatur House Museum,748 JACKSON PLACE NW,-77.03819661,38.90002633,293257,POINT(-77.03819661 38.90002633),54,17th & K St NW,42.0,23,38.90276,-77.03863,active,POINT(-77.03863 38.90276),True,0.19035148228272966,17th & K St NW,9,12,0,23,38.90276,-77.03863,2020-08-17 09:03:05,True,True
82,The Wilderness Society - Ansel Adams Collection,1615 M STREET NW,-77.03735337,38.90585437,301103,POINT(-77.03735337 38.90585437),54,17th & K St NW,42.0,23,38.90276,-77.03863,active,POINT(-77.03863 38.90276),True,0.22459746440105444,17th & K St NW,9,12,0,23,38.90276,-77.03863,2020-08-17 09:03:05,True,True
83,Clara Barton Missing Soldiers Office Museum,437 7TH STREET NW,-77.02169365,38.8958605,279777,POINT(-77.02169365 38.8958605),105,7th & F St NW / National Portrait Gallery,42.0,27,38.89728304853854,-77.02219069004057,active,POINT(-77.0221906900406 38.8972830485385),True,0.10187981497385433,7th & F St NW / National Portrait Gallery,21,6,1,27,38.89728304853854,-77.0221906900406,2020-08-17 09:03:05,True,True
84,German-American Heritage Museum,719 6TH STREET NW,-77.0195865,38.89910316,238949,POINT(-77.0195865 38.89910316),105,7th & F St NW / National Portrait Gallery,42.0,27,38.89728304853854,-77.02219069004057,active,POINT(-77.0221906900406 38.8972830485385),True,0.18825485308649992,7th & F St NW / National Portrait Gallery,21,6,1,27,38.89728304853854,-77.0221906900406,2020-08-17 09:03:05,True,True
85,International Spy Museum,800 F STREET NW,-77.02328389,38.89697903,238378,POINT(-77.02328389 38.89697903),105,7th & F St NW / National Portrait Gallery,42.0,27,38.89728304853854,-77.02219069004057,active,POINT(-77.0221906900406 38.8972830485385),True,0.06243896665432541,7th & F St NW / National Portrait Gallery,21,6,1,27,38.89728304853854,-77.0221906900406,2020-08-17 09:03:05,True,True
86,National Portrait Gallery,,-77.022972,38.898181,294248,POINT(-77.022972 38.898181),105,7th & F St NW / National Portrait Gallery,42.0,27,38.89728304853854,-77.02219069004057,active,POINT(-77.0221906900406 38.8972830485385),True,0.0749454241260442,7th & F St NW / National Portrait Gallery,21,6,1,27,38.89728304853854,-77.0221906900406,2020-08-17 09:03:05,True,True
87,Naval Heritage Center,701 PENNSYLVANIA AVENUE NW,-77.02238001,38.89443849,279889,POINT(-77.02238001 38.89443849),105,7th & F St NW / National Portrait Gallery,42.0,27,38.89728304853854,-77.02219069004057,active,POINT(-77.0221906900406 38.8972830485385),True,0.19684588631125172,7th & F St NW / National Portrait Gallery,21,6,1,27,38.89728304853854,-77.0221906900406,2020-08-17 09:03:05,True,True
88,Smithsonian American Art Museum,,-77.022972,38.898181,294248,POINT(-77.022972 38.898181),105,7th & F St NW / National Portrait Gallery,42.0,27,38.89728304853854,-77.02219069004057,active,POINT(-77.0221906900406 38.8972830485385),True,0.0749454241260442,7th & F St NW / National Portrait Gallery,21,6,1,27,38.89728304853854,-77.0221906900406,2020-08-17 09:03:05,True,True
89,Clara Barton Missing Soldiers Office Museum,437 7TH STREET NW,-77.02169365,38.8958605,279777,POINT(-77.02169365 38.8958605),248,8th & D St NW,42.0,15,38.894851,-77.02324,active,POINT(-77.02324 38.894851),True,0.10855793866034892,8th & D St NW,7,6,0,15,38.894851,-77.02324,2020-08-17 09:03:05,True,True
90,Ford's Theatre,511 10TH STREET NW,-77.02579655,38.89658294,239829,POINT(-77.02579655 38.89658294),248,8th & D St NW,42.0,15,38.894851,-77.02324,active,POINT(-77.02324 38.894851),True,0.18230256549527227,8th & D St NW,7,6,0,15,38.894851,-77.02324,2020-08-17 09:03:05,True,True
91,International Spy Museum,800 F STREET NW,-77.02328389,38.89697903,238378,POINT(-77.02328389 38.89697903),248,8th & D St NW,42.0,15,38.894851,-77.02324,active,POINT(-77.02324 38.894851),True,0.14708327808397714,8th & D St NW,7,6,0,15,38.894851,-77.02324,2020-08-17 09:03:05,True,True
92,National Gallery of Art - West Building,,-77.019922,38.891299,293249,POINT(-77.019922 38.891299),248,8th & D St NW,42.0,15,38.894851,-77.02324,active,POINT(-77.02324 38.894851),True,0.3034929664048372,8th & D St NW,7,6,0,15,38.894851,-77.02324,2020-08-17 09:03:05,True,True
93,National Gallery of Art Sculpture Garden,,-77.022906,38.891254,293258,POINT(-77.022906 38.891254),248,8th & D St NW,42.0,15,38.894851,-77.02324,active,POINT(-77.02324 38.894851),True,0.2492305502457507,8th & D St NW,7,6,0,15,38.894851,-77.02324,2020-08-17 09:03:05,True,True
94,Naval Heritage Center,701 PENNSYLVANIA AVENUE NW,-77.02238001,38.89443849,279889,POINT(-77.02238001 38.89443849),248,8th & D St NW,42.0,15,38.894851,-77.02324,active,POINT(-77.02324 38.894851),True,0.05433546859556308,8th & D St NW,7,6,0,15,38.894851,-77.02324,2020-08-17 09:03:05,True,True
95,Petersen House,516 10TH STREET NW,-77.02619882,38.89676807,239374,POINT(-77.02619882 38.89676807),248,8th & D St NW,42.0,15,38.894851,-77.02324,active,POINT(-77.02324 38.894851),True,0.20707250115645734,8th & D St NW,7,6,0,15,38.894851,-77.02324,2020-08-17 09:03:05,True,True
96,Clara Barton Missing Soldiers Office Museum,437 7TH STREET NW,-77.02169365,38.8958605,279777,POINT(-77.02169365 38.8958605),171,6th St & Indiana Ave NW,42.0,19,38.894573,-77.01994,active,POINT(-77.01994 38.894573),True,0.12966757681257854,6th St & Indiana Ave NW,8,11,0,19,38.894573,-77.01994,2020-08-17 09:03:05,True,True
97,National Gallery of Art - West Building,,-77.019922,38.891299,293249,POINT(-77.019922 38.891299),171,6th St & Indiana Ave NW,42.0,19,38.894573,-77.01994,active,POINT(-77.01994 38.894573),True,0.22626233329314505,6th St & Indiana Ave NW,8,11,0,19,38.894573,-77.01994,2020-08-17 09:03:05,True,True
98,National Gallery of Art Sculpture Garden,,-77.022906,38.891254,293258,POINT(-77.022906 38.891254),171,6th St & Indiana Ave NW,42.0,19,38.894573,-77.01994,active,POINT(-77.01994 38.894573),True,0.2793966256391752,6th St & Indiana Ave NW,8,11,0,19,38.894573,-77.01994,2020-08-17 09:03:05,True,True
99,Naval Heritage Center,701 PENNSYLVANIA AVENUE NW,-77.02238001,38.89443849,279889,POINT(-77.02238001 38.89443849),171,6th St & Indiana Ave NW,42.0,19,38.894573,-77.01994,active,POINT(-77.01994 38.894573),True,0.13156997345713353,6th St & Indiana Ave NW,8,11,0,19,38.894573,-77.01994,2020-08-17 09:03:05,True,True
100,Clara Barton Missing Soldiers Office Museum,437 7TH STREET NW,-77.02169365,38.8958605,279777,POINT(-77.02169365 38.8958605),82,5th & F St NW,42.0,31,38.897222,-77.019347,active,POINT(-77.019347 38.897222),True,0.15742795002707138,5th & F St NW,13,18,0,31,38.897222,-77.019347,2020-08-17 09:03:05,True,True
101,German-American Heritage Museum,719 6TH STREET NW,-77.0195865,38.89910316,238949,POINT(-77.0195865 38.89910316),82,5th & F St NW,42.0,31,38.897222,-77.019347,active,POINT(-77.019347 38.897222),True,0.130640203799722,5th & F St NW,13,18,0,31,38.897222,-77.019347,2020-08-17 09:03:05,True,True
102,National Portrait Gallery,,-77.022972,38.898181,294248,POINT(-77.022972 38.898181),82,5th & F St NW,42.0,31,38.897222,-77.019347,active,POINT(-77.019347 38.897222),True,0.2059259684928996,5th & F St NW,13,18,0,31,38.897222,-77.019347,2020-08-17 09:03:05,True,True
103,Smithsonian American Art Museum,,-77.022972,38.898181,294248,POINT(-77.022972 38.898181),82,5th & F St NW,42.0,31,38.897222,-77.019347,active,POINT(-77.019347 38.897222),True,0.2059259684928996,5th & F St NW,13,18,0,31,38.897222,-77.019347,2020-08-17 09:03:05,True,True
104,Clara Barton Missing Soldiers Office Museum,437 7TH STREET NW,-77.02169365,38.8958605,279777,POINT(-77.02169365 38.8958605),199,10th & E St NW,42.0,15,38.895914000000005,-77.026064,active,POINT(-77.026064 38.895914),True,0.23509316479001305,10th & E St NW,5,10,2,15,38.89591400000001,-77.026064,2020-08-17 09:03:05,True,True
105,Ford's Theatre,511 10TH STREET NW,-77.02579655,38.89658294,239829,POINT(-77.02579655 38.89658294),199,10th & E St NW,42.0,15,38.895914000000005,-77.026064,active,POINT(-77.026064 38.895914),True,0.04841561363159564,10th & E St NW,5,10,2,15,38.89591400000001,-77.026064,2020-08-17 09:03:05,True,True
106,International Spy Museum,800 F STREET NW,-77.02328389,38.89697903,238378,POINT(-77.02328389 38.89697903),199,10th & E St NW,42.0,15,38.895914000000005,-77.026064,active,POINT(-77.026064 38.895914),True,0.16666298776701902,10th & E St NW,5,10,2,15,38.89591400000001,-77.026064,2020-08-17 09:03:05,True,True
107,Naval Heritage Center,701 PENNSYLVANIA AVENUE NW,-77.02238001,38.89443849,279889,POINT(-77.02238001 38.89443849),199,10th & E St NW,42.0,15,38.895914000000005,-77.026064,active,POINT(-77.026064 38.895914),True,0.22284759826371747,10th & E St NW,5,10,2,15,38.89591400000001,-77.026064,2020-08-17 09:03:05,True,True
108,Petersen House,516 10TH STREET NW,-77.02619882,38.89676807,239374,POINT(-77.02619882 38.89676807),199,10th & E St NW,42.0,15,38.895914000000005,-77.026064,active,POINT(-77.026064 38.895914),True,0.05946701698369919,10th & E St NW,5,10,2,15,38.89591400000001,-77.026064,2020-08-17 09:03:05,True,True
109,Corcoran Gallery of Art,500 17TH STREET NW,-77.03974044,38.89584701,279802,POINT(-77.03974044 38.89584701),357,19th & G St NW,42.0,23,38.898412,-77.043182,active,POINT(-77.043182 38.898412),True,0.2562919687942648,19th & G St NW,12,11,1,23,38.898412,-77.043182,2020-08-17 09:03:05,True,True
110,Decatur House Museum,748 JACKSON PLACE NW,-77.03819661,38.90002633,293257,POINT(-77.03819661 38.90002633),357,19th & G St NW,42.0,23,38.898412,-77.043182,active,POINT(-77.043182 38.898412),True,0.2904156206434986,19th & G St NW,12,11,1,23,38.898412,-77.043182,2020-08-17 09:03:05,True,True
111,The Textile Museum,701 21ST STREET NW,-77.04641484,38.89879551,311648,POINT(-77.04641484 38.89879551),357,19th & G St NW,42.0,23,38.898412,-77.043182,active,POINT(-77.043182 38.898412),True,0.1758835807659792,19th & G St NW,12,11,1,23,38.898412,-77.043182,2020-08-17 09:03:05,True,True
112,Corcoran Gallery of Art,500 17TH STREET NW,-77.03974044,38.89584701,279802,POINT(-77.03974044 38.89584701),141,18th St & Pennsylvania Ave NW,42.0,27,38.89968,-77.041539,active,POINT(-77.041539 38.89968),True,0.2820016445975653,18th St & Pennsylvania Ave NW,16,11,3,27,38.89968,-77.041539,2020-08-17 09:03:05,True,True
113,Decatur House Museum,748 JACKSON PLACE NW,-77.03819661,38.90002633,293257,POINT(-77.03819661 38.90002633),141,18th St & Pennsylvania Ave NW,42.0,27,38.89968,-77.041539,active,POINT(-77.041539 38.89968),True,0.18135042225634052,18th St & Pennsylvania Ave NW,16,11,3,27,38.89968,-77.041539,2020-08-17 09:03:05,True,True
114,D.C. Fire and EMS Museum,439 NEW JERSEY AVENUE NW,-77.0109,38.895835,237163,POINT(-77.0109 38.895835),546,New Jersey Ave & F St NW,42.0,33,38.897108,-77.011616,active,POINT(-77.011616 38.897108),True,0.09603445596726154,New Jersey Ave & F St NW,19,14,0,33,38.897108,-77.011616,2020-08-17 09:03:05,True,True
115,D.C. Fire and EMS Museum,439 NEW JERSEY AVENUE NW,-77.0109,38.895835,237163,POINT(-77.0109 38.895835),114,North Capitol St & F St NW,42.0,23,38.897446,-77.009888,active,POINT(-77.009888 38.897446),True,0.12392673943828501,North Capitol St & F St NW,14,5,0,23,38.897446,-77.009888,2020-08-17 09:03:05,True,True
116,D.C. Fire and EMS Museum,439 NEW JERSEY AVENUE NW,-77.0109,38.895835,237163,POINT(-77.0109 38.895835),108,4th & D St NW / Judiciary Square,42.0,15,38.895344,-77.01610600000001,active,POINT(-77.016106 38.895344),True,0.28206009345345484,4th & D St NW / Judiciary Square,0,15,0,15,38.895344,-77.01610600000002,2020-08-17 09:03:05,False,True
117,National Gallery of Art - West Building,,-77.019922,38.891299,293249,POINT(-77.019922 38.891299),108,4th & D St NW / Judiciary Square,42.0,15,38.895344,-77.01610600000001,active,POINT(-77.016106 38.895344),True,0.3468051364296397,4th & D St NW / Judiciary Square,0,15,0,15,38.895344,-77.01610600000002,2020-08-17 09:03:05,False,True
118,D.C. Fire and EMS Museum,439 NEW JERSEY AVENUE NW,-77.0109,38.895835,237163,POINT(-77.0109 38.895835),310,North Capitol St & G Pl NE,42.0,19,38.899703,-77.008911,active,POINT(-77.008911 38.899703),True,0.2879221339183139,North Capitol St & G Pl NE,15,2,0,19,38.899703,-77.008911,2020-08-17 09:03:05,True,False
119,D.C. Fire and EMS Museum,439 NEW JERSEY AVENUE NW,-77.0109,38.895835,237163,POINT(-77.0109 38.895835),251,Constitution Ave & 2nd St NW/DOL,42.0,27,38.892275,-77.013917,active,POINT(-77.013917 38.892275),True,0.29472390619722594,Constitution Ave & 2nd St NW/DOL,19,6,0,27,38.892275,-77.013917,2020-08-17 09:03:05,True,True
120,National Gallery of Art - West Building,,-77.019922,38.891299,293249,POINT(-77.019922 38.891299),251,Constitution Ave & 2nd St NW/DOL,42.0,27,38.892275,-77.013917,active,POINT(-77.013917 38.892275),True,0.3299714453197111,Constitution Ave & 2nd St NW/DOL,19,6,0,27,38.892275,-77.013917,2020-08-17 09:03:05,True,True
121,U.S. Capitol Visitor Center,,-77.009036,38.88979448,294394,POINT(-77.009036 38.88979448),251,Constitution Ave & 2nd St NW/DOL,42.0,27,38.892275,-77.013917,active,POINT(-77.013917 38.892275),True,0.3135565093451821,Constitution Ave & 2nd St NW/DOL,19,6,0,27,38.892275,-77.013917,2020-08-17 09:03:05,True,True
122,Decatur House Museum,748 JACKSON PLACE NW,-77.03819661,38.90002633,293257,POINT(-77.03819661 38.90002633),14,19th St & Pennsylvania Ave NW,42.0,15,38.9003,-77.0429,active,POINT(-77.0429 38.9003),True,0.2536678104662456,19th St & Pennsylvania Ave NW,2,13,2,15,38.9003,-77.0429,2020-08-17 09:03:05,False,True
123,Dumbarton House,2715 Q STREET NW,-77.05586536,38.91085356,273151,POINT(-77.05586536 38.91085356),198,24th & N St NW,42.0,15,38.9066,-77.05152,active,POINT(-77.05152 38.9066),True,0.3755200953318641,24th & N St NW,3,10,1,15,38.9066,-77.05152,2020-08-17 09:03:05,True,True
124,Woodrow Wilson House,2340 S STREET NW,-77.05170373,38.91385408,218994,POINT(-77.05170373 38.91385408),198,24th & N St NW,42.0,15,38.9066,-77.05152,active,POINT(-77.05152 38.9066),True,0.5014137957906107,24th & N St NW,3,10,1,15,38.9066,-77.05152,2020-08-17 09:03:05,True,True
125,Dumbarton House,2715 Q STREET NW,-77.05586536,38.91085356,273151,POINT(-77.05586536 38.91085356),153,M St & Pennsylvania Ave NW,42.0,19,38.905126,-77.056887,active,POINT(-77.056887 38.905126),True,0.3996161262062873,M St & Pennsylvania Ave NW,9,10,1,19,38.905126,-77.056887,2020-08-17 09:03:05,True,True
126,Dumbarton House,2715 Q STREET NW,-77.05586536,38.91085356,273151,POINT(-77.05586536 38.91085356),226,Wisconsin Ave & O St NW,42.0,19,38.90849,-77.063586,active,POINT(-77.063586 38.90849),True,0.4461579638021555,Wisconsin Ave & O St NW,11,8,3,19,38.90849,-77.063586,2020-08-17 09:03:05,True,True
127,Spagnuolo Art Gallery,1221 36TH STREET NW,-77.07011468,38.90631079999999,300017,POINT(-77.07011468 38.9063108),226,Wisconsin Ave & O St NW,42.0,19,38.90849,-77.063586,active,POINT(-77.063586 38.90849),True,0.3820320123481964,Wisconsin Ave & O St NW,11,8,3,19,38.90849,-77.063586,2020-08-17 09:03:05,True,True
128,Tudor Place,1644 31ST STREET NW,-77.06298578,38.9114871,297689,POINT(-77.06298578 38.9114871),226,Wisconsin Ave & O St NW,42.0,19,38.90849,-77.063586,active,POINT(-77.063586 38.90849),True,0.20962405463546985,Wisconsin Ave & O St NW,11,8,3,19,38.90849,-77.063586,2020-08-17 09:03:05,True,True
129,Dumbarton House,2715 Q STREET NW,-77.05586536,38.91085356,273151,POINT(-77.05586536 38.91085356),490,23rd & M St NW,42.0,19,38.905303,-77.050264,active,POINT(-77.050264 38.905303),True,0.4877256970946457,23rd & M St NW,10,7,1,19,38.905303,-77.050264,2020-08-17 09:03:05,True,True
130,Ford's Theatre,511 10TH STREET NW,-77.02579655,38.89658294,239829,POINT(-77.02579655 38.89658294),125,11th & F St NW,42.0,15,38.897857,-77.026975,active,POINT(-77.026975 38.897857),True,0.10848898640675624,11th & F St NW,4,9,0,15,38.897857,-77.026975,2020-08-17 09:03:05,True,True
131,National Portrait Gallery,,-77.022972,38.898181,294248,POINT(-77.022972 38.898181),125,11th & F St NW,42.0,15,38.897857,-77.026975,active,POINT(-77.026975 38.897857),True,0.21646050208627213,11th & F St NW,4,9,0,15,38.897857,-77.026975,2020-08-17 09:03:05,True,True
132,Petersen House,516 10TH STREET NW,-77.02619882,38.89676807,239374,POINT(-77.02619882 38.89676807),125,11th & F St NW,42.0,15,38.897857,-77.026975,active,POINT(-77.026975 38.897857),True,0.0860579124553147,11th & F St NW,4,9,0,15,38.897857,-77.026975,2020-08-17 09:03:05,True,True
133,Smithsonian American Art Museum,,-77.022972,38.898181,294248,POINT(-77.022972 38.898181),125,11th & F St NW,42.0,15,38.897857,-77.026975,active,POINT(-77.026975 38.897857),True,0.21646050208627213,11th & F St NW,4,9,0,15,38.897857,-77.026975,2020-08-17 09:03:05,True,True
134,Ford's Theatre,511 10TH STREET NW,-77.02579655,38.89658294,239829,POINT(-77.02579655 38.89658294),334,10th & G St NW,42.0,23,38.89824328774852,-77.02623546123505,active,POINT(-77.026235461235 38.8982432877485),True,0.11714686279003016,10th & G St NW,6,15,1,23,38.89824328774852,-77.02623546123505,2020-08-17 09:03:05,True,True
135,International Spy Museum,800 F STREET NW,-77.02328389,38.89697903,238378,POINT(-77.02328389 38.89697903),334,10th & G St NW,42.0,23,38.89824328774852,-77.02623546123505,active,POINT(-77.026235461235 38.8982432877485),True,0.181204504251964,10th & G St NW,6,15,1,23,38.89824328774852,-77.02623546123505,2020-08-17 09:03:05,True,True
136,National Portrait Gallery,,-77.022972,38.898181,294248,POINT(-77.022972 38.898181),334,10th & G St NW,42.0,23,38.89824328774852,-77.02623546123505,active,POINT(-77.026235461235 38.8982432877485),True,0.1755758872827351,10th & G St NW,6,15,1,23,38.89824328774852,-77.02623546123505,2020-08-17 09:03:05,True,True
137,Petersen House,516 10TH STREET NW,-77.02619882,38.89676807,239374,POINT(-77.02619882 38.89676807),334,10th & G St NW,42.0,23,38.89824328774852,-77.02623546123505,active,POINT(-77.026235461235 38.8982432877485),True,0.101968695992917,10th & G St NW,6,15,1,23,38.89824328774852,-77.02623546123505,2020-08-17 09:03:05,True,True
138,Smithsonian American Art Museum,,-77.022972,38.898181,294248,POINT(-77.022972 38.898181),334,10th & G St NW,42.0,23,38.89824328774852,-77.02623546123505,active,POINT(-77.026235461235 38.8982432877485),True,0.1755758872827351,10th & G St NW,6,15,1,23,38.89824328774852,-77.02623546123505,2020-08-17 09:03:05,True,True
139,Frederick Douglass National Historic Site,1411 W STREET SE,-76.98517717,38.863382,293207,POINT(-76.98517717 38.863382),66,Anacostia Library,42.0,11,38.865784000000005,-76.9784,active,POINT(-76.9784 38.865784),True,0.4006812677733021,Anacostia Library,1,8,0,11,38.86578400000001,-76.9784,2020-08-17 09:03:05,False,True
140,German-American Heritage Museum,719 6TH STREET NW,-77.0195865,38.89910316,238949,POINT(-77.0195865 38.89910316),207,5th St & Massachusetts Ave NW,42.0,19,38.900929999999995,-77.018677,active,POINT(-77.018677 38.90093),True,0.1353946346351128,5th St & Massachusetts Ave NW,10,9,0,19,38.90093,-77.018677,2020-08-17 09:03:05,True,True
141,German-American Heritage Museum,719 6TH STREET NW,-77.0195865,38.89910316,238949,POINT(-77.0195865 38.89910316),92,8th & H St NW,42.0,33,38.8997,-77.02308599999999,active,POINT(-77.023086 38.8997),True,0.19268165232684972,8th & H St NW,5,22,0,33,38.8997,-77.02308599999998,2020-08-17 09:03:05,True,True
142,International Spy Museum,800 F STREET NW,-77.02328389,38.89697903,238378,POINT(-77.02328389 38.89697903),92,8th & H St NW,42.0,33,38.8997,-77.02308599999999,active,POINT(-77.023086 38.8997),True,0.18834232410055785,8th & H St NW,5,22,0,33,38.8997,-77.02308599999998,2020-08-17 09:03:05,True,True
143,National Portrait Gallery,,-77.022972,38.898181,294248,POINT(-77.022972 38.898181),92,8th & H St NW,42.0,33,38.8997,-77.02308599999999,active,POINT(-77.023086 38.8997),True,0.10515426888424324,8th & H St NW,5,22,0,33,38.8997,-77.02308599999998,2020-08-17 09:03:05,True,True
144,Smithsonian American Art Museum,,-77.022972,38.898181,294248,POINT(-77.022972 38.898181),92,8th & H St NW,42.0,33,38.8997,-77.02308599999999,active,POINT(-77.023086 38.8997),True,0.10515426888424324,8th & H St NW,5,22,0,33,38.8997,-77.02308599999998,2020-08-17 09:03:05,True,True
145,German-American Heritage Museum,719 6TH STREET NW,-77.0195865,38.89910316,238949,POINT(-77.0195865 38.89910316),55,3rd & H St NW,42.0,15,38.899408,-77.015289,active,POINT(-77.015289 38.899408),True,0.2320929035751877,3rd & H St NW,2,13,0,15,38.899408,-77.015289,2020-08-17 09:03:05,False,True
146,Heurich House Museum,1307 NEW HAMPSHIRE AVENUE NW,-77.04460391,38.90802275,241060,POINT(-77.04460391 38.90802275),53,New Hampshire Ave & Ward Pl NW,42.0,19,38.90571079190728,-77.04731762409209,active,POINT(-77.0473176240921 38.9057107919073),True,0.21639293322553085,New Hampshire Ave & Ward Pl NW,5,12,0,19,38.90571079190728,-77.04731762409209,2020-08-17 09:03:05,True,True
147,O Street Museum,2020 O STREET NW,-77.04592519,38.90838357,243057,POINT(-77.04592519 38.90838357),53,New Hampshire Ave & Ward Pl NW,42.0,19,38.90571079190728,-77.04731762409209,active,POINT(-77.0473176240921 38.9057107919073),True,0.19931232645099167,New Hampshire Ave & Ward Pl NW,5,12,0,19,38.90571079190728,-77.04731762409209,2020-08-17 09:03:05,True,True
148,Hillwood Museum,4155 LINNEAN AVENUE NW,-77.05261735,38.94363425,284839,POINT(-77.05261735 38.94363425),314,Connecticut Ave & Tilden St NW,42.0,15,38.94113915653008,-77.061977237463,active,POINT(-77.061977237463 38.9411391565301),True,0.5318310710602493,Connecticut Ave & Tilden St NW,5,10,0,15,38.94113915653008,-77.061977237463,2020-08-17 09:03:05,True,True
149,Hillwood Museum,4155 LINNEAN AVENUE NW,-77.05261735,38.94363425,284839,POINT(-77.05261735 38.94363425),60,Van Ness Metro / UDC,42.0,15,38.944551000000004,-77.063896,active,POINT(-77.063896 38.944551),True,0.6095241808392057,Van Ness Metro / UDC,3,12,1,15,38.944551,-77.063896,2020-08-17 09:03:05,True,True
150,Rock Creek Park Nature Center and Planetarium,5200 GLOVER ROAD NW,-77.05168557,38.95991748,308551,POINT(-77.05168557 38.95991748),60,Van Ness Metro / UDC,42.0,15,38.944551000000004,-77.063896,active,POINT(-77.063896 38.944551),True,1.2483490368014598,Van Ness Metro / UDC,3,12,1,15,38.944551,-77.063896,2020-08-17 09:03:05,True,True
151,Hillwood Museum,4155 LINNEAN AVENUE NW,-77.05261735,38.94363425,284839,POINT(-77.05261735 38.94363425),35,Connecticut Ave & Newark St NW / Cleveland Park,42.0,11,38.934267,-77.057979,active,POINT(-77.057979 38.934267),True,0.7086116210825713,Connecticut Ave & Newark St NW / Cleveland Park,1,10,1,11,38.934267,-77.057979,2020-08-17 09:03:05,False,True
152,National Zoo,3001 CONNECTICUT AVENUE NW,-77.05442859,38.93061121,293230,POINT(-77.05442859 38.93061121),35,Connecticut Ave & Newark St NW / Cleveland Park,42.0,11,38.934267,-77.057979,active,POINT(-77.057979 38.934267),True,0.3166366260290911,Connecticut Ave & Newark St NW / Cleveland Park,1,10,1,11,38.934267,-77.057979,2020-08-17 09:03:05,False,True
153,Hillwood Museum,4155 LINNEAN AVENUE NW,-77.05261735,38.94363425,284839,POINT(-77.05261735 38.94363425),401,Connecticut Ave & Yuma St NW,42.0,19,38.947156,-77.065115,active,POINT(-77.065115 38.947156),True,0.7144629256490973,Connecticut Ave & Yuma St NW,1,18,0,19,38.947156,-77.065115,2020-08-17 09:03:05,False,True
154,Rock Creek Park Nature Center and Planetarium,5200 GLOVER ROAD NW,-77.05168557,38.95991748,308551,POINT(-77.05168557 38.95991748),401,Connecticut Ave & Yuma St NW,42.0,19,38.947156,-77.065115,active,POINT(-77.065115 38.947156),True,1.1395974176851786,Connecticut Ave & Yuma St NW,1,18,0,19,38.947156,-77.065115,2020-08-17 09:03:05,False,True
155,Hillwood Museum,4155 LINNEAN AVENUE NW,-77.05261735,38.94363425,284839,POINT(-77.05261735 38.94363425),589,17th & Upshur St NW,42.0,19,38.942146,-77.038684,active,POINT(-77.038684 38.942146),True,0.7559535883885059,17th & Upshur St NW,7,12,0,19,38.942146,-77.038684,2020-08-17 09:03:05,True,True
156,House of the Temple,1733 16TH STREET NW,-77.03582659,38.91369256,242883,POINT(-77.03582659 38.91369256),387,16th & R St NW,42.0,19,38.912652,-77.036278,active,POINT(-77.036278 38.912652),True,0.07589754091215267,16th & R St NW,12,3,0,19,38.912652,-77.036278,2020-08-17 09:03:05,True,True
157,House of the Temple,1733 16TH STREET NW,-77.03582659,38.91369256,242883,POINT(-77.03582659 38.91369256),102,New Hampshire Ave & T St NW,42.0,23,38.91554,-77.03818000000001,active,POINT(-77.03818 38.91554),True,0.17976288873774418,New Hampshire Ave & T St NW,4,17,0,23,38.915544,-77.038252,2020-08-17 09:03:05,True,True
158,House of the Temple,1733 16TH STREET NW,-77.03582659,38.91369256,242883,POINT(-77.03582659 38.91369256),59,17th & Corcoran St NW,42.0,19,38.9121,-77.0387,active,POINT(-77.0387 38.9121),True,0.1897026304214003,17th & Corcoran St NW,3,14,0,19,38.9121,-77.0387,2020-08-17 09:03:05,True,True
159,National Museum of American Jewish Military History,1811 R STREET NW,-77.04211348,38.91281314,243292,POINT(-77.04211348 38.91281314),59,17th & Corcoran St NW,42.0,19,38.9121,-77.0387,active,POINT(-77.0387 38.9121),True,0.1900560735687604,17th & Corcoran St NW,3,14,0,19,38.9121,-77.0387,2020-08-17 09:03:05,True,True
160,House of the Temple,1733 16TH STREET NW,-77.03582659,38.91369256,242883,POINT(-77.03582659 38.91369256),24,14th & R St NW,42.0,19,38.913046,-77.03200799999999,active,POINT(-77.032008 38.913046),True,0.2101418894786813,14th & R St NW,-1,18,0,19,38.913046,-77.03200799999998,2020-08-17 09:03:05,False,True
161,House of the Temple,1733 16TH STREET NW,-77.03582659,38.91369256,242883,POINT(-77.03582659 38.91369256),23,15th & P St NW,42.0,19,38.90985,-77.034438,active,POINT(-77.034438 38.90985),True,0.27585089863071355,15th & P St NW,8,9,1,19,38.909868,-77.034421,2020-08-17 09:03:05,True,True
162,Mary Bethune Council House,1318 VERMONT AVENUE NW,-77.03086335,38.90816835,225385,POINT(-77.03086335 38.90816835),23,15th & P St NW,42.0,19,38.90985,-77.034438,active,POINT(-77.034438 38.90985),True,0.22463048854305015,15th & P St NW,8,9,1,19,38.909868,-77.034421,2020-08-17 09:03:05,True,True
163,U.S. Daughters of 1812 Library and Museum,1463 RHODE ISLAND AVENUE NW,-77.03415685,38.90835625,240224,POINT(-77.03415685 38.90835625),23,15th & P St NW,42.0,19,38.90985,-77.034438,active,POINT(-77.034438 38.90985),True,0.10433168317970244,15th & P St NW,8,9,1,19,38.909868,-77.034421,2020-08-17 09:03:05,True,True
164,Howard University Gallery of Art,2455 6TH STREET NW,-77.02098138,38.92452904,188381,POINT(-77.02098138 38.92452904),44,Georgia Ave and Fairmont St NW,42.0,11,38.9249,-77.0222,active,POINT(-77.0222 38.9249),True,0.07035523563237088,Georgia Ave and Fairmont St NW,0,11,0,11,38.9249,-77.0222,2020-08-17 09:03:05,False,True
165,Howard University Museum,500 HOWARD PLACE NW,-77.0196969,38.92235277,243398,POINT(-77.0196969 38.92235277),44,Georgia Ave and Fairmont St NW,42.0,11,38.9249,-77.0222,active,POINT(-77.0222 38.9249),True,0.22158464361595803,Georgia Ave and Fairmont St NW,0,11,0,11,38.9249,-77.0222,2020-08-17 09:03:05,False,True
166,Howard University Gallery of Art,2455 6TH STREET NW,-77.02098138,38.92452904,188381,POINT(-77.02098138 38.92452904),148,Columbia Rd & Georgia Ave NW,42.0,19,38.92812111132096,-77.02379465103151,active,POINT(-77.0237946510315 38.928121111321),True,0.2906896225847692,Columbia Rd & Georgia Ave NW,10,9,0,19,38.92812111132096,-77.02379465103151,2020-08-17 09:03:05,True,True
167,Howard University Museum,500 HOWARD PLACE NW,-77.0196969,38.92235277,243398,POINT(-77.0196969 38.92235277),148,Columbia Rd & Georgia Ave NW,42.0,19,38.92812111132096,-77.02379465103151,active,POINT(-77.0237946510315 38.928121111321),True,0.4554673750292594,Columbia Rd & Georgia Ave NW,10,9,0,19,38.92812111132096,-77.02379465103151,2020-08-17 09:03:05,True,True
168,Howard University Gallery of Art,2455 6TH STREET NW,-77.02098138,38.92452904,188381,POINT(-77.02098138 38.92452904),484,11th & Girard St NW,42.0,19,38.925636,-77.027112,active,POINT(-77.027112 38.925636),True,0.3383677462687817,11th & Girard St NW,9,10,0,19,38.925636,-77.027112,2020-08-17 09:03:05,True,True
169,Howard University Museum,500 HOWARD PLACE NW,-77.0196969,38.92235277,243398,POINT(-77.0196969 38.92235277),484,11th & Girard St NW,42.0,19,38.925636,-77.027112,active,POINT(-77.027112 38.925636),True,0.4587174171375421,11th & Girard St NW,9,10,0,19,38.925636,-77.027112,2020-08-17 09:03:05,True,True
170,Howard University Gallery of Art,2455 6TH STREET NW,-77.02098138,38.92452904,188381,POINT(-77.02098138 38.92452904),274,10th & Florida Ave NW,42.0,19,38.920387,-77.025672,active,POINT(-77.025672 38.920387),True,0.3814985631689405,10th & Florida Ave NW,5,12,0,19,38.920387,-77.025672,2020-08-17 09:03:05,True,True
171,Howard University Museum,500 HOWARD PLACE NW,-77.0196969,38.92235277,243398,POINT(-77.0196969 38.92235277),274,10th & Florida Ave NW,42.0,19,38.920387,-77.025672,active,POINT(-77.025672 38.920387),True,0.34880469351767374,10th & Florida Ave NW,5,12,0,19,38.920387,-77.025672,2020-08-17 09:03:05,True,True
172,Howard University Gallery of Art,2455 6TH STREET NW,-77.02098138,38.92452904,188381,POINT(-77.02098138 38.92452904),16,11th & Kenyon St NW,42.0,27,38.929464,-77.027822,active,POINT(-77.027822 38.929464),True,0.501564160506464,11th & Kenyon St NW,21,2,1,27,38.929464,-77.027822,2020-08-17 09:03:05,True,False
173,The History of Cannabis  ,3626 GEORGIA AVENUE NW,-77.02433,38.934824,232148,POINT(-77.02433 38.934824),16,11th & Kenyon St NW,42.0,27,38.929464,-77.027822,active,POINT(-77.027822 38.929464),True,0.4152730278037047,11th & Kenyon St NW,21,2,1,27,38.929464,-77.027822,2020-08-17 09:03:05,True,False
174,Howard University Museum,500 HOWARD PLACE NW,-77.0196969,38.92235277,243398,POINT(-77.0196969 38.92235277),249,3rd & Elm St NW,42.0,15,38.917621999999994,-77.01597,active,POINT(-77.01597 38.917622),True,0.38346004974930825,3rd & Elm St NW,7,7,0,15,38.917622,-77.01597,2020-08-17 09:03:05,True,True
175,Interior Museum,1849 C STREET NW,-77.04260027,38.89444538,293214,POINT(-77.04260027 38.89444538),26,20th & E St NW,42.0,15,38.8963,-77.045,active,POINT(-77.045 38.8963),True,0.18189904921311853,20th & E St NW,4,11,0,15,38.8963,-77.045,2020-08-17 09:03:05,True,True
176,The Textile Museum,701 21ST STREET NW,-77.04641484,38.89879551,311648,POINT(-77.04641484 38.89879551),26,20th & E St NW,42.0,15,38.8963,-77.045,active,POINT(-77.045 38.8963),True,0.18850270975634809,20th & E St NW,4,11,0,15,38.8963,-77.045,2020-08-17 09:03:05,True,True
177,L. Ron Hubbard House,1812 19TH STREET NW,-77.04373354,38.91458854,240991,POINT(-77.04373354 38.91458854),46,20th St & Florida Ave NW,42.0,15,38.9154,-77.0446,active,POINT(-77.0446 38.9154),True,0.07290761995868845,20th St & Florida Ave NW,8,5,1,15,38.9154,-77.0446,2020-08-17 09:03:05,True,True
178,National Museum of American Jewish Military History,1811 R STREET NW,-77.04211348,38.91281314,243292,POINT(-77.04211348 38.91281314),46,20th St & Florida Ave NW,42.0,15,38.9154,-77.0446,active,POINT(-77.0446 38.9154),True,0.22324234083030586,20th St & Florida Ave NW,8,5,1,15,38.9154,-77.0446,2020-08-17 09:03:05,True,True
179,Woodrow Wilson House,2340 S STREET NW,-77.05170373,38.91385408,218994,POINT(-77.05170373 38.91385408),46,20th St & Florida Ave NW,42.0,15,38.9154,-77.0446,active,POINT(-77.0446 38.9154),True,0.39664019084639773,20th St & Florida Ave NW,8,5,1,15,38.9154,-77.0446,2020-08-17 09:03:05,True,True
180,L. Ron Hubbard House,1812 19TH STREET NW,-77.04373354,38.91458854,240991,POINT(-77.04373354 38.91458854),351,18th & R St NW,42.0,19,38.912648,-77.041834,active,POINT(-77.041834 38.912648),True,0.16857642810051754,18th & R St NW,14,1,1,19,38.912648,-77.041834,2020-08-17 09:03:05,True,False
181,National Museum of American Jewish Military History,1811 R STREET NW,-77.04211348,38.91281314,243292,POINT(-77.04211348 38.91281314),351,18th & R St NW,42.0,19,38.912648,-77.041834,active,POINT(-77.041834 38.912648),True,0.018870714051699128,18th & R St NW,14,1,1,19,38.912648,-77.041834,2020-08-17 09:03:05,True,False
182,Whittemore House,1526 NEW HAMPSHIRE AVENUE NW,-77.04266708,38.91093038,225724,POINT(-77.04266708 38.91093038),351,18th & R St NW,42.0,19,38.912648,-77.041834,active,POINT(-77.041834 38.912648),True,0.1268737440436907,18th & R St NW,14,1,1,19,38.912648,-77.041834,2020-08-17 09:03:05,True,False
183,L. Ron Hubbard House,1812 19TH STREET NW,-77.04373354,38.91458854,240991,POINT(-77.04373354 38.91458854),149,California St & Florida Ave NW,42.0,19,38.917761,-77.04061999999999,active,POINT(-77.04062 38.917761),True,0.27585514601690464,California St & Florida Ave NW,4,11,0,19,38.917761,-77.04061999999998,2020-08-17 09:03:05,True,True
184,Meridian International Center,1630 CRESCENT PLACE NW,-77.0381824,38.92021925,235803,POINT(-77.0381824 38.92021925),149,California St & Florida Ave NW,42.0,19,38.917761,-77.04061999999999,active,POINT(-77.04062 38.917761),True,0.21456789482342614,California St & Florida Ave NW,4,11,0,19,38.917761,-77.04061999999998,2020-08-17 09:03:05,True,True
185,Lincoln's Cottage,LINCOLN''S COTTAGE,-77.0117684,38.94170034,292871,POINT(-77.0117684 38.94170034),590,Grant Circle,42.0,19,38.942024743273045,-77.01822102069855,active,POINT(-77.0182210206985 38.9420247432731),True,0.34756032760967104,Grant Circle,0,19,0,19,38.942024743273045,-77.01822102069855,2020-08-17 09:03:05,False,True
186,The Saint John Paul II National Shrine,3900 HAREWOOD ROAD NE,-77.00466482,38.93775908,288031,POINT(-77.00466482 38.93775908),590,Grant Circle,42.0,19,38.942024743273045,-77.01822102069855,active,POINT(-77.0182210206985 38.9420247432731),True,0.7860545118816638,Grant Circle,0,19,0,19,38.942024743273045,-77.01822102069855,2020-08-17 09:03:05,False,True
187,Lincoln's Cottage,LINCOLN''S COTTAGE,-77.0117684,38.94170034,292871,POINT(-77.0117684 38.94170034),540,Kansas Ave & Sherman Cr NW,42.0,19,38.948057,-77.021467,active,POINT(-77.021467 38.948057),True,0.6817076083933988,Kansas Ave & Sherman Cr NW,5,14,0,19,38.948057,-77.021467,2020-08-17 09:03:05,True,True
188,Lincoln's Cottage,LINCOLN''S COTTAGE,-77.0117684,38.94170034,292871,POINT(-77.0117684 38.94170034),554,New Hampshire & Gallatin St NW,42.0,19,38.951596,-77.01280799999999,active,POINT(-77.012808 38.951596),True,0.6861501886052818,New Hampshire & Gallatin St NW,8,11,0,19,38.951596,-77.01280799999998,2020-08-17 09:03:05,True,True
189,Lincoln's Cottage,LINCOLN''S COTTAGE,-77.0117684,38.94170034,292871,POINT(-77.0117684 38.94170034),146,9th & Upshur St NW,42.0,15,38.9418,-77.0251,active,POINT(-77.0251 38.9418),True,0.7166245903711849,9th & Upshur St NW,8,7,0,15,38.9418,-77.0251,2020-08-17 09:03:05,True,True
190,Lincoln's Cottage,LINCOLN''S COTTAGE,-77.0117684,38.94170034,292871,POINT(-77.0117684 38.94170034),28,Georgia & New Hampshire Ave NW,42.0,19,38.9366839345886,-77.02418088912965,active,POINT(-77.0241808891296 38.9366839345886),True,0.7519011913850595,Georgia & New Hampshire Ave NW,7,12,0,19,38.9366839345886,-77.02418088912964,2020-08-17 09:03:05,True,True
191,The History of Cannabis  ,3626 GEORGIA AVENUE NW,-77.02433,38.934824,232148,POINT(-77.02433 38.934824),28,Georgia & New Hampshire Ave NW,42.0,19,38.9366839345886,-77.02418088912965,active,POINT(-77.0241808891296 38.9366839345886),True,0.12878642476038835,Georgia & New Hampshire Ave NW,7,12,0,19,38.9366839345886,-77.02418088912964,2020-08-17 09:03:05,True,True
192,Mary Bethune Council House,1318 VERMONT AVENUE NW,-77.03086335,38.90816835,225385,POINT(-77.03086335 38.90816835),25,14th & Rhode Island Ave NW,42.0,23,38.9086,-77.0323,active,POINT(-77.0323 38.9086),True,0.08281722131910646,14th & Rhode Island Ave NW,10,13,0,23,38.9086,-77.0323,2020-08-17 09:03:05,True,True
193,U.S. Daughters of 1812 Library and Museum,1463 RHODE ISLAND AVENUE NW,-77.03415685,38.90835625,240224,POINT(-77.03415685 38.90835625),25,14th & Rhode Island Ave NW,42.0,23,38.9086,-77.0323,active,POINT(-77.0323 38.9086),True,0.10126589770159886,14th & Rhode Island Ave NW,10,13,0,23,38.9086,-77.0323,2020-08-17 09:03:05,True,True
194,Mary Bethune Council House,1318 VERMONT AVENUE NW,-77.03086335,38.90816835,225385,POINT(-77.03086335 38.90816835),137,Thomas Circle,42.0,33,38.9059,-77.0325,active,POINT(-77.0325 38.9059),True,0.17978007173567165,Thomas Circle,9,24,0,33,38.9059,-77.0325,2020-08-17 09:03:05,True,True
195,U.S. Daughters of 1812 Library and Museum,1463 RHODE ISLAND AVENUE NW,-77.03415685,38.90835625,240224,POINT(-77.03415685 38.90835625),137,Thomas Circle,42.0,33,38.9059,-77.0325,active,POINT(-77.0325 38.9059),True,0.19171101173406266,Thomas Circle,9,24,0,33,38.9059,-77.0325,2020-08-17 09:03:05,True,True
196,Mary Bethune Council House,1318 VERMONT AVENUE NW,-77.03086335,38.90816835,225385,POINT(-77.03086335 38.90816835),399,11th & O St NW,42.0,19,38.908429999999996,-77.02714,active,POINT(-77.02714 38.90843),True,0.20104429315303912,11th & O St NW,6,13,0,19,38.90843,-77.02714,2020-08-17 09:03:05,True,True
197,Mary Bethune Council House,1318 VERMONT AVENUE NW,-77.03086335,38.90816835,225385,POINT(-77.03086335 38.90816835),115,11th & M St NW,42.0,19,38.905607,-77.027137,active,POINT(-77.027137 38.905607),True,0.2673774831758847,11th & M St NW,11,8,0,19,38.9055785,-77.027313,2020-08-17 09:03:05,True,True
198,Meridian International Center,1630 CRESCENT PLACE NW,-77.0381824,38.92021925,235803,POINT(-77.0381824 38.92021925),214,18th St & Wyoming Ave NW,42.0,23,38.918809,-77.04157099999999,active,POINT(-77.041571 38.918809),True,0.20662737630613748,18th St & Wyoming Ave NW,14,9,0,23,38.918809,-77.04157099999998,2020-08-17 09:03:05,True,True
199,Meridian International Center,1630 CRESCENT PLACE NW,-77.0381824,38.92021925,235803,POINT(-77.0381824 38.92021925),453,15th & W St NW,42.0,19,38.919086,-77.034502,active,POINT(-77.034502 38.919086),True,0.21282207588092106,15th & W St NW,10,8,0,18,38.9190185,-77.034449,2020-08-17 09:03:05,True,True
200,Meridian International Center,1630 CRESCENT PLACE NW,-77.0381824,38.92021925,235803,POINT(-77.0381824 38.92021925),230,15th & Euclid St  NW,42.0,15,38.92333,-77.0352,active,POINT(-77.0352 38.92333),True,0.26819551121386964,15th & Euclid St  NW,11,4,0,15,38.92333,-77.0352,2020-08-17 09:03:05,True,True
201,Mexican Cultural Institute,2829 16TH STREET NW,-77.03603436,38.92554484,235878,POINT(-77.03603436 38.92554484),230,15th & Euclid St  NW,42.0,15,38.92333,-77.0352,active,POINT(-77.0352 38.92333),True,0.15950170423269025,15th & Euclid St  NW,11,4,0,15,38.92333,-77.0352,2020-08-17 09:03:05,True,True
202,Meridian International Center,1630 CRESCENT PLACE NW,-77.0381824,38.92021925,235803,POINT(-77.0381824 38.92021925),135,Columbia Rd & Belmont St NW,42.0,19,38.920669000000004,-77.04368000000001,active,POINT(-77.04368 38.920669),True,0.2972218067859089,Columbia Rd & Belmont St NW,10,7,0,19,38.920669,-77.04368000000002,2020-08-17 09:03:05,True,True
203,Mexican Cultural Institute,2829 16TH STREET NW,-77.03603436,38.92554484,235878,POINT(-77.03603436 38.92554484),17,16th & Harvard St NW,42.0,33,38.926088,-77.036536,active,POINT(-77.036536 38.926088),True,0.04622106679482566,16th & Harvard St NW,25,8,1,33,38.926088,-77.036536,2020-08-17 09:03:05,True,True
204,Mexican Cultural Institute,2829 16TH STREET NW,-77.03603436,38.92554484,235878,POINT(-77.03603436 38.92554484),397,14th & Girard St NW,42.0,23,38.925284000000005,-77.032375,active,POINT(-77.032375 38.925284),True,0.1975649394163545,14th & Girard St NW,7,14,0,23,38.92528400000001,-77.032375,2020-08-17 09:03:05,True,True
205,Mexican Cultural Institute,2829 16TH STREET NW,-77.03603436,38.92554484,235878,POINT(-77.03603436 38.92554484),19,14th & Harvard St NW,42.0,19,38.9268,-77.0322,active,POINT(-77.0322 38.9268),True,0.22365343419049785,14th & Harvard St NW,11,8,0,19,38.9268,-77.0322,2020-08-17 09:03:05,True,True
206,Mexican Cultural Institute,2829 16TH STREET NW,-77.03603436,38.92554484,235878,POINT(-77.03603436 38.92554484),386,16th & Irving St NW,42.0,19,38.928893,-77.03625,active,POINT(-77.03625 38.928893),True,0.23167557961806284,16th & Irving St NW,3,14,0,19,38.928893,-77.03625,2020-08-17 09:03:05,True,True
207,Museum of the Bible,400 4TH STREET SW,-77.017138,38.884831,311513,POINT(-77.017138 38.884831),143,4th & E St SW,42.0,19,38.88412,-77.017445,active,POINT(-77.017445 38.88412),True,0.05183709798238451,4th & E St SW,7,8,1,19,38.88412,-77.017445,2020-08-17 09:03:05,True,True
208,Museum of the Bible,400 4TH STREET SW,-77.017138,38.884831,311513,POINT(-77.017138 38.884831),142,4th & C St SW,42.0,39,38.88637194054526,-77.01770067214966,active,POINT(-77.0177006721497 38.8863719405453),True,0.11070970896712254,4th & C St SW,31,6,1,39,38.88637194054526,-77.01770067214966,2020-08-17 09:03:05,True,True
209,Museum of the Bible,400 4TH STREET SW,-77.017138,38.884831,311513,POINT(-77.017138 38.884831),252,Washington & Independence Ave SW/HHS,42.0,31,38.886978000000006,-77.013769,active,POINT(-77.013769 38.886978),True,0.234221803964094,Washington & Independence Ave SW/HHS,19,12,1,31,38.886978000000006,-77.013769,2020-08-17 09:03:05,True,True
210,U.S. Capitol Visitor Center,,-77.009036,38.88979448,294394,POINT(-77.009036 38.88979448),252,Washington & Independence Ave SW/HHS,42.0,31,38.886978000000006,-77.013769,active,POINT(-77.013769 38.886978),True,0.3204759590033852,Washington & Independence Ave SW/HHS,19,12,1,31,38.886978000000006,-77.013769,2020-08-17 09:03:05,True,True
211,Museum of the Bible,400 4TH STREET SW,-77.017138,38.884831,311513,POINT(-77.017138 38.884831),471,7th & E St SW,42.0,19,38.88345,-77.021741,active,POINT(-77.021741 38.88345),True,0.26537398506425075,7th & E St SW,12,4,0,19,38.88345,-77.021741,2020-08-17 09:03:05,True,True
212,Museum of the Bible,400 4TH STREET SW,-77.017138,38.884831,311513,POINT(-77.017138 38.884831),75,L'Enfant Plaza / 7th & C St SW,42.0,15,38.886266,-77.02224100000001,active,POINT(-77.022241 38.886266),True,0.29187449218640404,L'Enfant Plaza / 7th & C St SW,2,13,0,15,38.886266,-77.02224100000002,2020-08-17 09:03:05,False,True
213,National Gallery of Art - West Building,,-77.019922,38.891299,293249,POINT(-77.019922 38.891299),408,4th St & Madison Dr NW,42.0,31,38.890493,-77.017253,active,POINT(-77.017253 38.890493),True,0.15399217542388646,4th St & Madison Dr NW,21,8,1,31,38.8904955,-77.0172465,2020-08-17 09:03:05,True,True
214,National Gallery of Art Sculpture Garden,,-77.022906,38.891254,293258,POINT(-77.022906 38.891254),408,4th St & Madison Dr NW,42.0,31,38.890493,-77.017253,active,POINT(-77.017253 38.890493),True,0.30858876798248264,4th St & Madison Dr NW,21,8,1,31,38.8904955,-77.0172465,2020-08-17 09:03:05,True,True
215,U.S. Capitol Visitor Center,,-77.009036,38.88979448,294394,POINT(-77.009036 38.88979448),408,4th St & Madison Dr NW,42.0,31,38.890493,-77.017253,active,POINT(-77.017253 38.890493),True,0.4446244635980165,4th St & Madison Dr NW,21,8,1,31,38.8904955,-77.0172465,2020-08-17 09:03:05,True,True
216,National Gallery of Art Sculpture Garden,,-77.022906,38.891254,293258,POINT(-77.022906 38.891254),76,10th St & Constitution Ave NW,42.0,31,38.893028,-77.026013,active,POINT(-77.026013 38.893028),True,0.20726818207765935,10th St & Constitution Ave NW,16,11,0,31,38.893028,-77.026013,2020-08-17 09:03:05,True,True
217,Naval Heritage Center,701 PENNSYLVANIA AVENUE NW,-77.02238001,38.89443849,279889,POINT(-77.02238001 38.89443849),76,10th St & Constitution Ave NW,42.0,31,38.893028,-77.026013,active,POINT(-77.026013 38.893028),True,0.2183731634924892,10th St & Constitution Ave NW,16,11,0,31,38.893028,-77.026013,2020-08-17 09:03:05,True,True
218,National Gallery of Art Sculpture Garden,,-77.022906,38.891254,293258,POINT(-77.022906 38.891254),253,Independence Ave & L'Enfant Plaza SW/DOE,42.0,15,38.887312,-77.025762,active,POINT(-77.025762 38.887312),True,0.31275630519812586,Independence Ave & L'Enfant Plaza SW/DOE,14,1,0,15,38.887312,-77.025762,2020-08-17 09:03:05,True,False
219,United States Holocaust Memorial Museum,100 RAOUL WALLENBERG PLACE SW,-77.03268624,38.88668129,293186,POINT(-77.03268624 38.88668129),253,Independence Ave & L'Enfant Plaza SW/DOE,42.0,15,38.887312,-77.025762,active,POINT(-77.025762 38.887312),True,0.375016129211405,Independence Ave & L'Enfant Plaza SW/DOE,14,1,0,15,38.887312,-77.025762,2020-08-17 09:03:05,True,False
220,National Zoo,3001 CONNECTICUT AVENUE NW,-77.05442859,38.93061121,293230,POINT(-77.05442859 38.93061121),151,3000 Connecticut Ave NW / National Zoo,42.0,15,38.930282,-77.055599,active,POINT(-77.055599 38.930282),True,0.06690802396563117,3000 Connecticut Ave NW / National Zoo,3,10,0,15,38.930282,-77.055599,2020-08-17 09:03:05,True,True
221,National Zoo,3001 CONNECTICUT AVENUE NW,-77.05442859,38.93061121,293230,POINT(-77.05442859 38.93061121),549,Woodley Park Metro / Calvert St & Connecticut Ave NW,42.0,23,38.923389,-77.051833,active,POINT(-77.051833 38.923389),True,0.5182544681547079,Woodley Park Metro / Calvert St & Connecticut Ave NW,10,13,0,23,38.923389,-77.051833,2020-08-17 09:03:05,True,True
222,National Zoo,3001 CONNECTICUT AVENUE NW,-77.05442859,38.93061121,293230,POINT(-77.05442859 38.93061121),301,Calvert St & Woodley Pl NW,42.0,19,38.923583,-77.050046,active,POINT(-77.050046 38.923583),True,0.5398402412383045,Calvert St & Woodley Pl NW,5,13,1,19,38.923583,-77.050046,2020-08-17 09:03:05,True,True
223,National Zoo,3001 CONNECTICUT AVENUE NW,-77.05442859,38.93061121,293230,POINT(-77.05442859 38.93061121),85,Harvard St & Adams Mill Rd NW,42.0,15,38.927872,-77.043358,active,POINT(-77.043358 38.927872),True,0.624544261667234,Harvard St & Adams Mill Rd NW,5,4,0,15,38.927872,-77.043358,2020-08-17 09:03:05,True,True
224,Rock Creek Park Nature Center and Planetarium,5200 GLOVER ROAD NW,-77.05168557,38.95991748,308551,POINT(-77.05168557 38.95991748),218,14th St & Colorado Ave NW,42.0,19,38.956432,-77.032947,active,POINT(-77.032947 38.956432),True,1.0353984128678153,14th St & Colorado Ave NW,1,17,0,19,38.956432,-77.032947,2020-08-17 09:03:05,False,True
225,Rock Creek Park Nature Center and Planetarium,5200 GLOVER ROAD NW,-77.05168557,38.95991748,308551,POINT(-77.05168557 38.95991748),228,Connecticut & Nebraska Ave NW,42.0,23,38.955016,-77.069956,active,POINT(-77.069956 38.955016),True,1.038631057239641,Connecticut & Nebraska Ave NW,6,16,2,23,38.955016,-77.069956,2020-08-17 09:03:05,True,True
226,Rock Creek Park Nature Center and Planetarium,5200 GLOVER ROAD NW,-77.05168557,38.95991748,308551,POINT(-77.05168557 38.95991748),534,14th & Luzon St NW,42.0,19,38.969489,-77.033509,active,POINT(-77.033509 38.969489),True,1.179611735050208,14th & Luzon St NW,6,4,0,10,38.969489,-77.033509,2020-08-17 09:03:05,True,True
227,Sewall-Belmont,144 CONSTITUTION AVENUE NE,-77.00375617,38.89218722,286201,POINT(-77.00375617 38.89218722),402,2nd St & Massachusetts Ave NE,42.0,23,38.894971999999996,-77.003135,active,POINT(-77.003135 38.894972),True,0.19532988794622005,2nd St & Massachusetts Ave NE,15,8,1,23,38.894972,-77.003135,2020-08-17 09:03:05,True,True
228,Sewall-Belmont,144 CONSTITUTION AVENUE NE,-77.00375617,38.89218722,286201,POINT(-77.00375617 38.89218722),98,4th & East Capitol St NE,42.0,11,38.889955,-77.000349,active,POINT(-77.000349 38.889955),True,0.239553325857342,4th & East Capitol St NE,2,9,1,11,38.889955,-77.000349,2020-08-17 09:03:05,False,True
229,Sewall-Belmont,144 CONSTITUTION AVENUE NE,-77.00375617,38.89218722,286201,POINT(-77.00375617 38.89218722),548,Massachusetts Ave & 6th St NE,42.0,19,38.892934000000004,-76.998273,active,POINT(-76.998273 38.892934),True,0.2994134687244142,Massachusetts Ave & 6th St NE,4,15,0,19,38.892934,-76.998273,2020-08-17 09:03:05,True,True
230,Sewall-Belmont,144 CONSTITUTION AVENUE NE,-77.00375617,38.89218722,286201,POINT(-77.00375617 38.89218722),113,Columbus Circle / Union Station,42.0,55,38.89696,-77.00493,active,POINT(-77.00493 38.89696),True,0.3358266586517825,Columbus Circle / Union Station,19,36,1,55,38.89696,-77.00493,2020-08-17 09:03:05,True,True
231,Sewall-Belmont,144 CONSTITUTION AVENUE NE,-77.00375617,38.89218722,286201,POINT(-77.00375617 38.89218722),247,3rd St & Pennsylvania Ave SE,42.0,15,38.887378000000005,-77.00195500000001,active,POINT(-77.001955 38.887378),True,0.34619044786111114,3rd St & Pennsylvania Ave SE,10,5,1,15,38.88737800000001,-77.00195500000002,2020-08-17 09:03:05,True,True
232,U.S. Capitol Visitor Center,,-77.009036,38.88979448,294394,POINT(-77.009036 38.88979448),247,3rd St & Pennsylvania Ave SE,42.0,15,38.887378000000005,-77.00195500000001,active,POINT(-77.001955 38.887378),True,0.4158992980312815,3rd St & Pennsylvania Ave SE,10,5,1,15,38.88737800000001,-77.00195500000002,2020-08-17 09:03:05,True,True
233,Spagnuolo Art Gallery,1221 36TH STREET NW,-77.07011468,38.90631079999999,300017,POINT(-77.07011468 38.9063108),110,37th & O St NW / Georgetown University,42.0,23,38.907740000000004,-77.071652,active,POINT(-77.071652 38.90774),True,0.12880336863556874,37th & O St NW / Georgetown University,4,19,0,23,38.90774,-77.071652,2020-08-17 09:03:05,True,True
234,Tudor Place,1644 31ST STREET NW,-77.06298578,38.9114871,297689,POINT(-77.06298578 38.9114871),110,37th & O St NW / Georgetown University,42.0,23,38.907740000000004,-77.071652,active,POINT(-77.071652 38.90774),True,0.5331451762020692,37th & O St NW / Georgetown University,4,19,0,23,38.90774,-77.071652,2020-08-17 09:03:05,True,True
235,Spagnuolo Art Gallery,1221 36TH STREET NW,-77.07011468,38.90631079999999,300017,POINT(-77.07011468 38.9063108),330,34th & Water St NW,42.0,19,38.90366269005048,-77.0676684380669,active,POINT(-77.0676684380669 38.9036626900505),True,0.2253851691245003,34th & Water St NW,9,10,0,19,38.9037315,-77.06752850000002,2020-08-17 09:03:05,True,True
236,Spagnuolo Art Gallery,1221 36TH STREET NW,-77.07011468,38.90631079999999,300017,POINT(-77.07011468 38.9063108),473,Potomac & M St NW,42.0,19,38.905368,-77.065149,active,POINT(-77.065149 38.905368),True,0.2748806570246147,Potomac & M St NW,5,14,1,19,38.905368,-77.065149,2020-08-17 09:03:05,True,True
237,Tudor Place,1644 31ST STREET NW,-77.06298578,38.9114871,297689,POINT(-77.06298578 38.9114871),473,Potomac & M St NW,42.0,19,38.905368,-77.065149,active,POINT(-77.065149 38.905368),True,0.4385890110313623,Potomac & M St NW,5,14,1,19,38.905368,-77.065149,2020-08-17 09:03:05,True,True
238,Spagnuolo Art Gallery,1221 36TH STREET NW,-77.07011468,38.90631079999999,300017,POINT(-77.07011468 38.9063108),87,C & O Canal & Wisconsin Ave NW,42.0,23,38.90375,-77.06269,active,POINT(-77.06269 38.90375),True,0.4367541998048724,C & O Canal & Wisconsin Ave NW,16,7,1,23,38.90375,-77.06269,2020-08-17 09:03:05,True,True
239,Tudor Place,1644 31ST STREET NW,-77.06298578,38.9114871,297689,POINT(-77.06298578 38.9114871),87,C & O Canal & Wisconsin Ave NW,42.0,23,38.90375,-77.06269,active,POINT(-77.06269 38.90375),True,0.5349336273948277,C & O Canal & Wisconsin Ave NW,16,7,1,23,38.90375,-77.06269,2020-08-17 09:03:05,True,True
240,The History of Cannabis  ,3626 GEORGIA AVENUE NW,-77.02433,38.934824,232148,POINT(-77.02433 38.934824),583,Georgia Ave & Morton St NW,42.0,19,38.932128000000006,-77.0235,active,POINT(-77.0235 38.932128),True,0.19158389025254205,Georgia Ave & Morton St NW,7,12,0,19,38.93212800000001,-77.0235,2020-08-17 09:03:05,True,True
241,The History of Cannabis  ,3626 GEORGIA AVENUE NW,-77.02433,38.934824,232148,POINT(-77.02433 38.934824),538,11th & Park Rd NW,42.0,19,38.93132185874559,-77.0282471179962,active,POINT(-77.0282471179962 38.9313218587456),True,0.32081027651939786,11th & Park Rd NW,12,7,0,19,38.93132185874559,-77.02824711799622,2020-08-17 09:03:05,True,True
242,The History of Cannabis  ,3626 GEORGIA AVENUE NW,-77.02433,38.934824,232148,POINT(-77.02433 38.934824),591,14th & Otis Pl NW,42.0,19,38.934405,-77.032687,active,POINT(-77.032687 38.934405),True,0.4501774650269231,14th & Otis Pl NW,2,17,0,19,38.934405,-77.032687,2020-08-17 09:03:05,False,True
243,The National Bonsai and Penjing Museum,3501 NEW YORK AVENUE NE,-76.96989039,38.9124031,293238,POINT(-76.96989039 38.9124031),421,24th & R St NE / National Arboretum,42.0,19,38.91263,-76.971923,active,POINT(-76.971923 38.91263),True,0.11041963662745284,24th & R St NE / National Arboretum,13,6,2,19,38.91263,-76.971923,2020-08-17 09:03:05,True,True
244,The National Bonsai and Penjing Museum,3501 NEW YORK AVENUE NE,-76.96989039,38.9124031,293238,POINT(-76.96989039 38.9124031),375,New York Ave & Hecht Ave NE,42.0,23,38.915603999999995,-76.983683,active,POINT(-76.983683 38.915604),True,0.7739475927305945,New York Ave & Hecht Ave NE,9,14,0,23,38.915604,-76.983683,2020-08-17 09:03:05,True,True
245,The National Bonsai and Penjing Museum,3501 NEW YORK AVENUE NE,-76.96989039,38.9124031,293238,POINT(-76.96989039 38.9124031),551,Trinidad Rec Center,42.0,19,38.906299,-76.983221,active,POINT(-76.983221 38.906299),True,0.8317740825067763,Trinidad Rec Center,5,14,0,19,38.906299,-76.983221,2020-08-17 09:03:05,True,True
246,The National Bonsai and Penjing Museum,3501 NEW YORK AVENUE NE,-76.96989039,38.9124031,293238,POINT(-76.96989039 38.9124031),547,Maryland Ave & 17th St NE,42.0,19,38.901934999999995,-76.978627,active,POINT(-76.978627 38.901935),True,0.8626104706889586,Maryland Ave & 17th St NE,6,12,2,19,38.901935,-76.978627,2020-08-17 09:03:05,True,True
247,The National Bonsai and Penjing Museum,3501 NEW YORK AVENUE NE,-76.96989039,38.9124031,293238,POINT(-76.96989039 38.9124031),633,Capitol Ave & Kendall St NE,,19,38.910993,-76.985854,active,POINT(-76.985854 38.910993),True,0.863942721469347,Capitol Ave & Kendall St NE,7,6,1,19,38.910993,-76.985854,2020-08-17 09:03:05,True,True
248,The Saint John Paul II National Shrine,3900 HAREWOOD ROAD NE,-77.00466482,38.93775908,288031,POINT(-77.00466482 38.93775908),592,John McCormack Rd NE,42.0,19,38.938889,-76.997226,active,POINT(-76.997226 38.938889),True,0.4074190792401953,John McCormack Rd NE,2,17,0,19,38.938889,-76.997226,2020-08-17 09:03:05,False,True
249,The Saint John Paul II National Shrine,3900 HAREWOOD ROAD NE,-77.00466482,38.93775908,288031,POINT(-77.00466482 38.93775908),164,1st & Washington Hospital Center NW,42.0,15,38.928743,-77.012457,active,POINT(-77.012457 38.928743),True,0.7508023742043005,1st & Washington Hospital Center NW,12,3,1,15,38.928743,-77.012457,2020-08-17 09:03:05,True,True
250,The Textile Museum,701 21ST STREET NW,-77.04641484,38.89879551,311648,POINT(-77.04641484 38.89879551),609,22nd & H St NW,42.0,17,38.89892546716841,-77.04885238395946,active,POINT(-77.0488523839595 38.8989254671684),True,0.13140776578803165,22nd & H St NW,8,9,1,17,38.898925467168425,-77.04885238395946,2020-08-17 09:03:05,True,True
251,The Textile Museum,701 21ST STREET NW,-77.04641484,38.89879551,311648,POINT(-77.04641484 38.89879551),27,21st & I St NW,42.0,35,38.90071062547464,-77.04644858837126,active,POINT(-77.0464485883713 38.9007106254746),True,0.13236263784415667,21st & I St NW,16,19,1,35,38.90071062547464,-77.04644858837128,2020-08-17 09:03:05,True,True
252,The Textile Museum,701 21ST STREET NW,-77.04641484,38.89879551,311648,POINT(-77.04641484 38.89879551),187,21st St & Pennsylvania Ave NW,42.0,19,38.901539,-77.046564,active,POINT(-77.046564 38.901539),True,0.18976731094490487,21st St & Pennsylvania Ave NW,13,6,1,19,38.901539,-77.046564,2020-08-17 09:03:05,True,True
253,The Wilderness Society - Ansel Adams Collection,1615 M STREET NW,-77.03735337,38.90585437,301103,POINT(-77.03735337 38.90585437),348,15th & L St NW,42.0,23,38.903659999999995,-77.034846,active,POINT(-77.034846 38.90366),True,0.20292987405241286,15th & L St NW,18,3,0,23,38.903649,-77.034918,2020-08-17 09:03:05,True,True
254,Tudor Place,1644 31ST STREET NW,-77.06298578,38.9114871,297689,POINT(-77.06298578 38.9114871),90,34th St & Wisconsin Ave NW,42.0,11,38.916441999999996,-77.0682,active,POINT(-77.0682 38.916442),True,0.4425697230524703,34th St & Wisconsin Ave NW,2,9,1,11,38.916442,-77.0682,2020-08-17 09:03:05,False,True
255,U.S. Capitol Visitor Center,,-77.009036,38.88979448,294394,POINT(-77.009036 38.88979448),439,1st & D St SE,42.0,19,38.884916,-77.005965,active,POINT(-77.005965 38.884916),True,0.37544032029788815,1st & D St SE,13,6,2,19,38.884916,-77.005965,2020-08-17 09:03:05,True,True
256,United States Holocaust Memorial Museum,100 RAOUL WALLENBERG PLACE SW,-77.03268624,38.88668129,293186,POINT(-77.03268624 38.88668129),168,Jefferson Dr & 14th St SW,42.0,23,38.888553,-77.03242900000001,active,POINT(-77.032429 38.888553),True,0.13008856266202073,Jefferson Dr & 14th St SW,15,8,0,23,38.8885525,-77.032427,2020-08-17 09:03:05,True,True
257,United States Holocaust Memorial Museum,100 RAOUL WALLENBERG PLACE SW,-77.03268624,38.88668129,293186,POINT(-77.03268624 38.88668129),71,USDA / 12th & C St SW,42.0,39,38.886276945065106,-77.02824175357819,active,POINT(-77.0282417535782 38.8862769450651),True,0.24071071686320125,USDA / 12th & C St SW,30,9,1,39,38.886276945065106,-77.02824175357819,2020-08-17 09:03:05,True,True
258,United States Holocaust Memorial Museum,100 RAOUL WALLENBERG PLACE SW,-77.03268624,38.88668129,293186,POINT(-77.03268624 38.88668129),169,Smithsonian-National Mall / Jefferson Dr & 12th St SW,42.0,35,38.888767,-77.02858,active,POINT(-77.02858 38.888767),True,0.26375367023096563,Smithsonian-National Mall / Jefferson Dr & 12th St SW,25,2,0,35,38.888774,-77.02869399999999,2020-08-17 09:03:05,True,False
259,United States Holocaust Memorial Museum,100 RAOUL WALLENBERG PLACE SW,-77.03268624,38.88668129,293186,POINT(-77.03268624 38.88668129),410,17th St & Independence Ave SW,42.0,19,38.888096999999995,-77.038325,active,POINT(-77.038325 38.888097),True,0.3187115954495395,17th St & Independence Ave SW,9,8,0,19,38.888097,-77.038325,2020-08-17 09:03:05,True,True
