station_id,Station_Name,num_bikes_available,num_docks_available,num_ebikes_available,capacity,station_lat,station_lon,last_updated_date
1,Eads St & 15th St S,14,1,0,15,38.858971000000004,-77.05323,2020-07-22 03:48:40
2,18th St & S Eads St,9,2,0,11,38.85725,-77.05332,2020-07-22 03:48:40
3,Crystal Dr & 20th St S,10,4,0,17,38.856425,-77.04923199999999,2020-07-22 03:48:40
4,Crystal Dr & 15th St S,9,2,0,11,38.860170000000004,-77.049593,2020-07-22 03:48:40
5,Aurora Hills Cmty Ctr / 18th St & S Hayes St,8,3,0,11,38.857865999999994,-77.05949,2020-07-22 03:48:40
6,Pentagon City Metro / 12th St & S Hayes St,16,3,0,19,38.862303000000004,-77.059936,2020-07-22 03:48:40
7,Army Navy Dr & S Joyce St,11,4,0,15,38.8637,-77.0633,2020-07-22 03:48:40
8,Crystal City Metro / 18th St & S Bell St,4,15,0,19,38.857404962615036,-77.05113172531128,2020-07-22 03:48:40
10,Crystal Dr & 27th St S,5,5,0,11,38.848465999999995,-77.051514,2020-07-22 03:48:40
11,S Glebe Rd & Potomac Ave,5,6,0,11,38.8426,-77.0502,2020-07-22 03:48:40
12,Crystal Dr & 23rd St S,1,16,0,17,38.8533,-77.0498,2020-07-22 03:48:40
13,Clark St & 26th St S,8,3,0,11,38.850688,-77.05152,2020-07-22 03:48:40
14,19th St & Pennsylvania Ave NW,3,10,0,15,38.9003,-77.0429,2020-07-22 03:48:40
15,14th & V St NW,14,17,0,31,38.917931,-77.032112,2020-07-22 03:48:40
16,11th & Kenyon St NW,8,17,1,27,38.929464,-77.027822,2020-07-22 03:48:40
17,16th & Harvard St NW,32,1,1,33,38.926088,-77.036536,2020-07-22 03:48:40
18,Adams Mill & Columbia Rd NW,12,3,0,15,38.922925,-77.04258100000001,2020-07-22 03:48:40
19,14th & Harvard St NW,10,9,0,19,38.9268,-77.0322,2020-07-22 03:48:40
20,Calvert & Biltmore St NW,3,20,0,23,38.923203,-77.047637,2020-07-22 03:48:40
21,Lamont & Mt Pleasant NW,14,4,0,19,38.9319,-77.0388,2020-07-22 03:48:40
22,4th & M St SW,22,1,0,23,38.8767,-77.0178,2020-07-22 03:48:40
23,15th & P St NW,12,7,0,19,38.90985,-77.034438,2020-07-22 03:48:40
24,14th & R St NW,10,9,0,19,38.913046,-77.03200799999999,2020-07-22 03:48:40
25,14th & Rhode Island Ave NW,9,14,0,23,38.9086,-77.0323,2020-07-22 03:48:40
26,20th & E St NW,5,10,0,15,38.8963,-77.045,2020-07-22 03:48:40
27,21st & I St NW,14,21,0,35,38.90071062547464,-77.04644858837128,2020-07-22 03:48:40
28,Georgia & New Hampshire Ave NW,0,17,0,19,38.9366839345886,-77.02418088912964,2020-07-22 03:48:40
29,14th St & Spring Rd NW,17,2,1,19,38.9375,-77.0328,2020-07-22 03:48:40
30,John McCormack Dr & Michigan Ave NE,3,8,0,11,38.9346,-76.9955,2020-07-22 03:48:40
31,5th & K St NW,17,0,0,19,38.903040000000004,-77.01902700000001,2020-07-22 03:48:40
32,19th & East Capitol St SE,6,7,0,15,38.8896,-76.9769,2020-07-22 03:48:40
33,Park Rd & Holmead Pl NW,6,13,0,19,38.9308,-77.0315,2020-07-22 03:48:40
34,Good Hope & Naylor Rd SE,0,11,0,11,38.86005647007575,-76.96783974766731,2020-07-22 03:48:40
35,Connecticut Ave & Newark St NW / Cleveland Park,3,8,1,11,38.934267,-77.057979,2020-07-22 03:48:40
36,Randle Circle & Minnesota Ave SE,3,6,0,11,38.878,-76.9607,2020-07-22 03:48:40
37,Minnesota Ave Metro/DOES,11,4,0,15,38.897063,-76.947446,2020-07-22 03:48:40
38,Nannie Helen Burroughs & Minnesota Ave NE,8,3,0,11,38.901385,-76.941877,2020-07-22 03:48:40
39,Anacostia Metro,10,1,0,11,38.862669,-76.994637,2020-07-22 03:48:40
40,Good Hope Rd & MLK Ave SE,10,1,0,11,38.867373,-76.988039,2020-07-22 03:48:40
41,19th & E Street NW,7,4,0,11,38.8952,-77.0436,2020-07-22 03:48:40
42,4th & W St NE,3,11,1,15,38.919077,-77.000648,2020-07-22 03:48:40
43,10th & U St NW,7,8,0,15,38.9172,-77.0259,2020-07-22 03:48:40
44,Georgia Ave and Fairmont St NW,8,3,6,11,38.9249,-77.0222,2020-07-22 03:48:40
45,1st & N St  SE,33,6,0,39,38.8743,-77.0057,2020-07-22 03:48:40
46,20th St & Florida Ave NW,2,12,1,15,38.9154,-77.0446,2020-07-22 03:48:40
47,7th & T St NW,14,1,1,15,38.9155,-77.0222,2020-07-22 03:48:40
48,Eads St & 22nd St S,11,4,0,15,38.854380515177496,-77.05341160297394,2020-07-22 03:48:40
49,M St & New Jersey Ave SE,10,7,0,17,38.8763,-77.0037,2020-07-22 03:48:40
51,Massachusetts Ave & Dupont Circle NW,26,17,0,45,38.9101,-77.0444,2020-07-22 03:48:40
52,1st & M St NE,9,6,0,15,38.9057,-77.0056,2020-07-22 03:48:40
53,New Hampshire Ave & Ward Pl NW,6,13,0,19,38.90571079190728,-77.04731762409209,2020-07-22 03:48:40
54,17th & K St NW,17,6,0,23,38.90276,-77.03863,2020-07-22 03:48:40
55,3rd & H St NW,12,3,0,15,38.899408,-77.015289,2020-07-22 03:48:40
56,3rd & D St SE,5,6,0,11,38.8851,-77.0023,2020-07-22 03:48:40
57,Potomac & Pennsylvania Ave SE,13,2,0,15,38.8803,-76.9862,2020-07-22 03:48:40
58,13th & E St SE,6,9,0,15,38.882915484767615,-76.98790669441223,2020-07-22 03:48:40
59,17th & Corcoran St NW,17,2,0,19,38.9121,-77.0387,2020-07-22 03:48:40
60,Van Ness Metro / UDC,1,14,0,15,38.944551000000004,-77.063896,2020-07-22 03:48:40
61,Florida Ave & R St NW,9,6,0,15,38.9126,-77.0135,2020-07-22 03:48:40
62,8th & Eye St SE / Barracks Row,7,4,0,11,38.8792,-76.9953,2020-07-22 03:48:40
63,Ward Circle / American University,1,14,1,15,38.938736,-77.087171,2020-07-22 03:48:40
64,Wisconsin Ave & Newark St NW,8,11,6,19,38.934881,-77.072755,2020-07-22 03:48:40
65,14th St Heights / 14th & Crittenden St NW,7,4,0,11,38.947774,-77.032818,2020-07-22 03:48:40
66,Anacostia Library,0,11,0,11,38.865784000000005,-76.9784,2020-07-22 03:48:40
67,Pennsylvania & Minnesota Ave SE,8,3,1,11,38.873057,-76.97101500000001,2020-07-22 03:48:40
68,Eastern Market / 7th & North Carolina Ave SE,14,1,0,15,38.886952,-76.996806,2020-07-22 03:48:40
69,14th St & New York Ave NW,16,7,0,23,38.899632000000004,-77.031686,2020-07-22 03:48:40
70,Benning Branch Library,8,3,0,11,38.894,-76.947974,2020-07-22 03:48:40
71,USDA / 12th & C St SW,31,8,0,39,38.886276945065106,-77.02824175357819,2020-07-22 03:48:40
72,Georgetown Harbor / 30th St NW,10,9,0,19,38.90222120000001,-77.059219,2020-07-22 03:48:40
73,12th & Newton St NE,9,2,0,11,38.933668,-76.991016,2020-07-22 03:48:40
74,US Dept of State / Virginia Ave & 21st St NW,7,8,0,15,38.894919,-77.046587,2020-07-22 03:48:40
75,L'Enfant Plaza / 7th & C St SW,7,8,0,15,38.886266,-77.02224100000001,2020-07-22 03:48:40
76,10th St & Constitution Ave NW,20,11,0,31,38.893028,-77.026013,2020-07-22 03:48:40
77,Kennedy Center,3,16,0,19,38.897293,-77.05556999999999,2020-07-22 03:48:40
78,Eastern Market Metro / Pennsylvania Ave & 7th St SE,0,19,0,19,38.884,-76.995397,2020-07-22 03:48:40
79,18th & M St NW,12,15,0,27,38.905066874553135,-77.04177886247633,2020-07-22 03:48:40
80,Tenleytown / Wisconsin Ave & Albemarle St NW,4,11,0,15,38.947607,-77.079382,2020-07-22 03:48:40
81,13th & H St NE,16,9,0,27,38.90042673988099,-76.98825001716614,2020-07-22 03:48:40
82,5th & F St NW,19,12,0,31,38.897222,-77.019347,2020-07-22 03:48:40
84,Convention Center / 7th & M St NW,9,14,0,23,38.905737,-77.02226999999999,2020-07-22 03:48:40
85,Harvard St & Adams Mill Rd NW,10,3,0,15,38.927872,-77.043358,2020-07-22 03:48:40
86,18th & L St NW,5,14,0,19,38.90374145091938,-77.0424520969391,2020-07-22 03:48:40
87,C & O Canal & Wisconsin Ave NW,9,14,0,23,38.90375,-77.06269,2020-07-22 03:48:40
88,Maine Ave & 7th St SW,9,10,0,19,38.87869359939696,-77.02305436134337,2020-07-22 03:48:40
89,D St & Maryland Ave NE,12,11,0,23,38.894758,-76.997114,2020-07-22 03:48:40
90,34th St & Wisconsin Ave NW,4,7,1,11,38.916441999999996,-77.0682,2020-07-22 03:48:40
91,13th St & New York Ave NW,9,12,0,23,38.900283,-77.029822,2020-07-22 03:48:40
92,8th & H St NW,25,8,1,33,38.8997,-77.02308599999999,2020-07-22 03:48:40
93,10th & Monroe St NE,3,12,2,15,38.932514000000005,-76.992889,2020-07-22 03:48:40
94,Eckington Pl & Q St NE,7,16,1,23,38.910971999999994,-77.00495,2020-07-22 03:48:40
95,6th & H St NE,15,8,0,23,38.899972,-76.998347,2020-07-22 03:48:40
96,3rd & H St NE,16,3,1,19,38.900412,-77.001949,2020-07-22 03:48:40
97,Bladensburg Rd & Benning Rd NE,11,4,0,15,38.900413,-76.982872,2020-07-22 03:48:40
98,4th & East Capitol St NE,6,5,0,11,38.889955,-77.000349,2020-07-22 03:48:40
99,Lincoln Park / 13th & East Capitol St NE ,6,19,0,25,38.890461,-76.988355,2020-07-22 03:48:40
100,Branch & Pennsylvania Ave SE,2,9,1,11,38.8692,-76.9599,2020-07-22 03:48:40
101,13th & D St NE,20,11,0,31,38.894832,-76.987633,2020-07-22 03:48:40
102,New Hampshire Ave & T St NW,10,13,1,23,38.91554,-77.03818000000001,2020-07-22 03:48:40
103,Metro Center / 12th & G St NW,26,13,0,39,38.898364,-77.027869,2020-07-22 03:48:40
104,14th & D St NW / Ronald Reagan Building,20,5,0,25,38.894514,-77.031617,2020-07-22 03:48:40
105,7th & F St NW / National Portrait Gallery,19,7,0,27,38.89728304853854,-77.0221906900406,2020-07-22 03:48:40
107,20th & O St NW / Dupont South,8,11,0,19,38.908905,-77.04478,2020-07-22 03:48:40
108,4th & D St NW / Judiciary Square,4,11,0,15,38.895344,-77.01610600000001,2020-07-22 03:48:40
109,19th St & Constitution Ave NW,20,15,0,35,38.8923,-77.0436,2020-07-22 03:48:40
110,37th & O St NW / Georgetown University,0,23,0,23,38.907740000000004,-77.071652,2020-07-22 03:48:40
111,11th & H St NE,18,1,1,19,38.899983,-76.991383,2020-07-22 03:48:40
112,25th St & Pennsylvania Ave NW,8,5,0,15,38.903827,-77.053485,2020-07-22 03:48:40
113,Columbus Circle / Union Station,43,12,0,55,38.89696,-77.00493,2020-07-22 03:48:40
114,North Capitol St & F St NW,10,13,0,23,38.897446,-77.009888,2020-07-22 03:48:40
115,11th & M St NW,14,5,0,19,38.905607,-77.027137,2020-07-22 03:48:40
116,36th & Calvert St NW / Glover Park,2,13,1,15,38.922581,-77.070334,2020-07-22 03:48:40
117,14th & G St NW,16,7,0,23,38.898409,-77.032278,2020-07-22 03:48:40
118,Potomac Ave & 35th St S,7,16,0,23,38.844015,-77.050537,2020-07-22 03:48:40
124,Ohio Dr & West Basin Dr SW / MLK & FDR Memorials,11,20,0,31,38.88412,-77.04656999999999,2020-07-22 03:48:40
125,11th & F St NW,1,14,0,15,38.897857,-77.026975,2020-07-22 03:48:40
126,23rd & E St NW ,6,13,0,19,38.896104,-77.049882,2020-07-22 03:48:40
127,Lynn St & 19th St North,18,13,0,31,38.897315,-77.070993,2020-07-22 03:48:40
128,Rosslyn Metro / Wilson Blvd & Ft Myer Dr,15,4,0,19,38.8946,-77.072305,2020-07-22 03:48:40
129,Clarendon Blvd & Pierce St,4,10,2,15,38.893438,-77.076389,2020-07-22 03:48:40
130,Wilson Blvd & N Uhle St,8,7,7,15,38.891696,-77.0846,2020-07-22 03:48:40
131,Rhodes St & 16th St N,1,10,0,11,38.892164,-77.079375,2020-07-22 03:48:40
132,Fairfax Village,6,9,1,15,38.865590000000005,-76.95210300000001,2020-07-22 03:48:40
133,21st St & Constitution Ave NW,11,4,0,15,38.892459,-77.04656700000001,2020-07-22 03:48:40
134,Wilson Blvd & N Edgewood St,5,10,0,15,38.889,-77.0925,2020-07-22 03:48:40
135,Columbia Rd & Belmont St NW,5,14,0,19,38.920669000000004,-77.04368000000001,2020-07-22 03:48:40
136,Rhode Island & Connecticut Ave NW,13,10,0,23,38.90599569999115,-77.03980207443237,2020-07-22 03:48:40
137,Thomas Circle,6,25,0,33,38.9059,-77.0325,2020-07-22 03:48:40
138,Wilson Blvd & N Franklin Rd,3,8,0,11,38.8904,-77.0889,2020-07-22 03:48:40
139,Clarendon Blvd & N Fillmore St,4,11,1,15,38.8881,-77.09308,2020-07-22 03:48:40
140,Clarendon Metro / Wilson Blvd & N Highland St,2,15,0,17,38.887859999999996,-77.094875,2020-07-22 03:48:40
141,18th St & Pennsylvania Ave NW,13,12,0,27,38.89968,-77.041539,2020-07-22 03:48:40
142,4th & C St SW,26,11,0,39,38.88637194054526,-77.01770067214966,2020-07-22 03:48:40
143,4th & E St SW,15,4,0,19,38.88412,-77.017445,2020-07-22 03:48:40
144,3rd & G St SE,2,17,0,19,38.881184999999995,-77.001828,2020-07-22 03:48:40
145,7th & R St NW / Shaw Library,5,10,0,15,38.912719,-77.022155,2020-07-22 03:48:40
146,9th & Upshur St NW,5,8,3,15,38.9418,-77.0251,2020-07-22 03:48:40
147,1st & Rhode Island Ave NW,9,6,0,15,38.915417,-77.012289,2020-07-22 03:48:40
148,Columbia Rd & Georgia Ave NW,15,2,9,19,38.92812111132096,-77.02379465103151,2020-07-22 03:48:40
149,California St & Florida Ave NW,17,2,1,19,38.917761,-77.04061999999999,2020-07-22 03:48:40
150,Benning Rd & East Capitol St NE / Benning Rd Metro,18,1,0,19,38.889934999999994,-76.93723,2020-07-22 03:48:40
151,3000 Connecticut Ave NW / National Zoo,14,0,0,15,38.930282,-77.055599,2020-07-22 03:48:40
152,Anacostia Ave & Benning Rd NE / River Terrace ,9,4,0,15,38.896544,-76.96011999999999,2020-07-22 03:48:40
153,M St & Pennsylvania Ave NW,9,10,1,19,38.905126,-77.056887,2020-07-22 03:48:40
154,15th St & Massachusetts Ave SE,8,7,2,15,38.88732,-76.98356899999999,2020-07-22 03:48:40
155,Congress Heights Metro,2,13,0,15,38.844711,-76.98782299999999,2020-07-22 03:48:40
156,N Quincy St & Glebe Rd,0,8,0,11,38.876393,-77.10773499999999,2020-07-22 03:48:40
157,Barcroft Community Center,9,0,0,11,38.850336577884455,-77.10098862648009,2020-07-22 03:48:40
158,N Veitch St & 20th St N,4,11,0,15,38.896923,-77.086502,2020-07-22 03:48:40
159,10th & K St NW,11,12,0,23,38.9024,-77.02622,2020-07-22 03:48:40
160,Fairfax Dr & Wilson Blvd,0,11,0,11,38.885801,-77.09774499999999,2020-07-22 03:48:40
161,Key Blvd & N Quinn St,3,8,0,11,38.896355,-77.078408,2020-07-22 03:48:40
162,1st & K St SE,14,1,0,15,38.878854378063295,-77.00572729110719,2020-07-22 03:48:40
163,39th & Calvert St NW / Stoddert,12,6,8,19,38.922649,-77.077271,2020-07-22 03:48:40
164,1st & Washington Hospital Center NW,9,6,0,15,38.928743,-77.012457,2020-07-22 03:48:40
165,Virginia Square Metro / Monroe St & 9th St N,5,14,0,19,38.882788,-77.103148,2020-07-22 03:48:40
166,Central Library / Quincy St & 10th St N,4,6,0,11,38.88397,-77.10783,2020-07-22 03:48:40
167,Washington Blvd & 10th St N,7,8,5,15,38.884734,-77.093485,2020-07-22 03:48:40
168,Jefferson Dr & 14th St SW,6,17,0,23,38.888553,-77.03242900000001,2020-07-22 03:48:40
169,Smithsonian-National Mall / Jefferson Dr & 12th St SW,8,25,0,35,38.888767,-77.02858,2020-07-22 03:48:40
170,George Mason Dr & Wilson Blvd,9,6,0,15,38.87887,-77.1207,2020-07-22 03:48:40
171,6th St & Indiana Ave NW,17,2,0,19,38.894573,-77.01994,2020-07-22 03:48:40
172,N Veitch St & Key Blvd,1,10,1,11,38.893237,-77.086063,2020-07-22 03:48:40
173,Lee Hwy & N Adams St,6,13,0,19,38.89593,-77.08900600000001,2020-07-22 03:48:40
174,15th St & N Scott St,2,7,0,11,38.89054,-77.08095,2020-07-22 03:48:40
175,Washington Blvd & 7th St N,3,8,0,11,38.88081,-77.09079200000001,2020-07-22 03:48:40
176,Ballston Metro / Stuart St & 9th St N,0,23,0,23,38.881044,-77.11176800000001,2020-07-22 03:48:40
177,Fairfax Dr & N Randolph St,1,10,1,11,38.882629,-77.10936600000001,2020-07-22 03:48:40
178,Jefferson Memorial,7,16,0,23,38.879819,-77.037413,2020-07-22 03:48:40
179,Good Hope Rd & 14th St SE,10,5,0,15,38.866611,-76.985238,2020-07-22 03:48:40
180,Glebe Rd & 11th St N,0,11,0,11,38.883921,-77.116817,2020-07-22 03:48:40
181,Wilson Blvd & N Quincy St,0,15,0,15,38.880012,-77.107854,2020-07-22 03:48:40
182,GMU / Fairfax Dr & Kenmore St,7,4,0,11,38.884615999999994,-77.10108000000001,2020-07-22 03:48:40
183,Gallaudet / 8th St & Florida Ave NE,16,3,0,19,38.90509,-76.9941,2020-07-22 03:48:40
185,20th & L St NW,-1,18,0,19,38.903584,-77.044789,2020-07-22 03:48:40
186,12th & L St NW,14,5,0,19,38.903819,-77.0284,2020-07-22 03:48:40
187,21st St & Pennsylvania Ave NW,12,7,0,19,38.901539,-77.046564,2020-07-22 03:48:40
188,19th & K St NW,19,4,0,23,38.902204,-77.04337,2020-07-22 03:48:40
189,Prince St & Union St,17,2,0,19,38.803124,-77.040363,2020-07-22 03:48:40
190,Market Square / King St & Royal St,6,9,0,15,38.804718,-77.043363,2020-07-22 03:48:40
191,Saint Asaph St & Pendleton  St,10,5,0,15,38.810743,-77.044664,2020-07-22 03:48:40
192,King St & Patrick St,11,4,0,15,38.805316999999995,-77.049883,2020-07-22 03:48:40
194,Commerce St & Fayette St,0,15,0,15,38.805648,-77.05293,2020-07-22 03:48:40
195,Henry St & Pendleton St,4,13,0,17,38.811456,-77.050276,2020-07-22 03:48:40
196,Braddock Rd Metro,10,17,0,29,38.814577,-77.052808,2020-07-22 03:48:40
197,King St Metro South,12,11,0,23,38.80576284873485,-77.060626745224,2020-07-22 03:48:40
198,24th & N St NW,11,4,0,15,38.9066,-77.05152,2020-07-22 03:48:40
199,10th & E St NW,0,15,0,15,38.895914000000005,-77.026064,2020-07-22 03:48:40
200,22nd & I St NW / Foggy Bottom,3,12,0,15,38.90088,-77.048911,2020-07-22 03:48:40
201,Utah St & 11th St N,0,11,0,11,38.883669,-77.113905,2020-07-22 03:48:40
202,Barton St & 10th St N,1,10,0,11,38.884961,-77.08776999999999,2020-07-22 03:48:40
203,Arlington Blvd & N Queen St,2,7,0,11,38.889365000000005,-77.077294,2020-07-22 03:48:40
204,Lincoln Memorial,7,18,0,25,38.888251000000004,-77.049426,2020-07-22 03:48:40
206,20th St & Virginia Ave NW,8,7,0,15,38.894721999999994,-77.045128,2020-07-22 03:48:40
207,5th St & Massachusetts Ave NW,7,10,1,19,38.900929999999995,-77.018677,2020-07-22 03:48:40
208,39th & Veazey St NW,7,8,0,15,38.943837,-77.077078,2020-07-22 03:48:40
209,Fessenden St & Wisconsin Ave NW,2,13,1,15,38.954812,-77.082426,2020-07-22 03:48:40
210,3rd & M St NE,19,3,0,23,38.90546971494327,-77.0021304488182,2020-07-22 03:48:40
211,Columbia Pike & S Courthouse Rd,3,12,0,15,38.863833,-77.08031899999999,2020-07-22 03:48:40
212,Wakefield High School,0,11,0,11,38.847129045742605,-77.1125502884388,2020-07-22 03:48:40
213,28th St & S Meade St,12,3,0,15,38.846222,-77.069275,2020-07-22 03:48:40
214,18th St & Wyoming Ave NW,9,14,0,23,38.918809,-77.04157099999999,2020-07-22 03:48:40
215,5th & Kennedy St NW,0,15,0,15,38.95655554772196,-77.01981425285341,2020-07-22 03:48:40
216,Georgia Ave & Emerson St NW,3,16,2,19,38.949662,-77.027333,2020-07-22 03:48:40
217,14th & Upshur St NW,7,12,0,19,38.94247535560285,-77.0326781272888,2020-07-22 03:48:40
218,14th St & Colorado Ave NW,2,17,2,19,38.956432,-77.032947,2020-07-22 03:48:40
219,Troy St & 26th St S,9,2,0,11,38.847977,-77.07510400000001,2020-07-22 03:48:40
220,Four Mile Run Dr & S Shirlington Rd,7,4,0,11,38.8444,-77.085931,2020-07-22 03:48:40
221,Columbia Pike & S Oakland St,6,5,0,11,38.860789000000004,-77.09586,2020-07-22 03:48:40
222,Four Mile Run Dr & S Walter Reed Dr,8,1,0,11,38.847359999999995,-77.095431,2020-07-22 03:48:40
223,S Arlington Mill Dr & Campbell Ave,12,3,0,15,38.84232,-77.089555,2020-07-22 03:48:40
224,Kenmore St & 24th St S,5,6,0,11,38.848454,-77.084918,2020-07-22 03:48:40
225,13th St & Eastern Ave,2,13,0,15,38.986999999999995,-77.02941700000001,2020-07-22 03:48:40
226,Wisconsin Ave & O St NW,7,12,0,19,38.90849,-77.063586,2020-07-22 03:48:40
227,Roosevelt Island,5,7,0,13,38.896553000000004,-77.06714000000001,2020-07-22 03:48:40
228,Connecticut & Nebraska Ave NW,2,21,0,23,38.955016,-77.069956,2020-07-22 03:48:40
229,17th St & Massachusetts Ave NW,12,7,1,19,38.908142,-77.038359,2020-07-22 03:48:40
230,15th & Euclid St  NW,13,2,1,15,38.92333,-77.0352,2020-07-22 03:48:40
231,8th & East Capitol St NE,2,9,1,11,38.889988,-76.995193,2020-07-22 03:48:40
232,New Jersey Ave & R St NW,7,8,1,15,38.912659000000005,-77.017669,2020-07-22 03:48:40
233,15th & East Capitol St NE,2,9,0,11,38.889908,-76.983326,2020-07-22 03:48:40
234,8th & F St NE,6,17,0,23,38.897273999999996,-76.994749,2020-07-22 03:48:40
235,18th St & Rhode Island Ave NE,5,10,0,15,38.927095,-76.97892399999999,2020-07-22 03:48:40
236,15th & F St NE,13,6,0,19,38.897195,-76.983575,2020-07-22 03:48:40
237,12th & Irving St NE,4,11,0,15,38.928644,-76.990955,2020-07-22 03:48:40
239,Alabama & MLK Ave SE,2,9,0,11,38.84322988730829,-76.9993758201599,2020-07-22 03:48:40
240,Pleasant St & MLK Ave SE,11,0,0,11,38.863896999999994,-76.990037,2020-07-22 03:48:40
241,Neal St & Trinidad Ave NE,0,13,0,15,38.903732,-76.987211,2020-07-22 03:48:40
242,12th & U St NW,16,15,0,31,38.916787,-77.028139,2020-07-22 03:48:40
243,S George Mason & Four Mile Run Dr,10,1,0,11,38.852247999999996,-77.10502199999999,2020-07-22 03:48:40
244,Gravelly Point,13,1,0,15,38.865029,-77.039511,2020-07-22 03:48:40
245,Pershing Dr & Wayne St,1,8,0,11,38.880705,-77.08596,2020-07-22 03:48:40
246,Columbia Pike & S Orme St,4,7,0,11,38.867262,-77.072315,2020-07-22 03:48:40
247,3rd St & Pennsylvania Ave SE,1,12,0,15,38.887378000000005,-77.00195500000001,2020-07-22 03:48:40
248,8th & D St NW,10,5,1,15,38.894851,-77.02324,2020-07-22 03:48:40
249,3rd & Elm St NW,8,7,0,15,38.917621999999994,-77.01597,2020-07-22 03:48:40
250,Rhode Island Ave & V St NE,1,18,0,19,38.918155,-77.004746,2020-07-22 03:48:40
251,Constitution Ave & 2nd St NW/DOL,15,10,0,27,38.892275,-77.013917,2020-07-22 03:48:40
252,Washington & Independence Ave SW/HHS,19,12,0,31,38.886978000000006,-77.013769,2020-07-22 03:48:40
253,Independence Ave & L'Enfant Plaza SW/DOE,14,1,0,15,38.887312,-77.025762,2020-07-22 03:48:40
254,Hamlin & 7th St NE,5,10,2,15,38.927496999999995,-76.997194,2020-07-22 03:48:40
255,Columbia Pike & S Walter Reed Dr,4,8,0,12,38.862478,-77.08659899999999,2020-07-22 03:48:40
256,Arlington Mill Cmty Center / Columbia Pike & S Dinwiddie St,15,0,0,15,38.856319,-77.11153,2020-07-22 03:48:40
257,Pershing Dr & N George Mason Dr,2,9,0,11,38.871821999999995,-77.107906,2020-07-22 03:48:40
258,Fenton St & New York Ave ,-1,14,0,15,38.985403999999996,-77.02308199999999,2020-07-22 03:48:40
259,Bethesda Ave & Arlington Rd,5,14,1,19,38.981103000000004,-77.097426,2020-07-22 03:48:40
260,Montgomery Ave & Waverly St ,1,9,0,11,38.983838,-77.09221,2020-07-22 03:48:40
261,Fallsgrove Blvd & Fallsgrove Dr,10,9,0,19,39.096312,-77.192672,2020-07-22 03:48:40
262,Traville Gateway Dr & Gudelsky Dr,4,15,2,19,39.093783,-77.202501,2020-07-22 03:48:40
263,Norfolk Ave & Fairmont St,1,10,0,11,38.988562,-77.096539,2020-07-22 03:48:40
264,E Montgomery Ave & Maryland Ave,10,5,3,15,39.084125,-77.151291,2020-07-22 03:48:40
265,Cordell & Norfolk Ave,0,11,0,11,38.989540000000005,-77.098029,2020-07-22 03:48:40
266,Frederick Ave & Horners Ln,7,2,0,9,39.094772,-77.145213,2020-07-22 03:48:40
267,Philadelphia & Maple Ave,3,12,0,15,38.98128,-77.011336,2020-07-22 03:48:40
268,Maple & Ritchie Ave,10,5,0,19,38.983627,-77.006311,2020-07-22 03:48:40
269,Silver Spring Metro / Colesville Rd & Wayne Ave,3,12,0,15,38.99489580319022,-77.02953189611434,2020-07-22 03:48:40
270,Montgomery & East Ln,1,10,0,11,38.983525,-77.09536700000001,2020-07-22 03:48:40
271,Friendship Hts Metro / Wisconsin Ave & Wisconsin Cir,4,14,0,19,38.961763,-77.085998,2020-07-22 03:48:40
272,14th & Belmont St NW,5,6,0,15,38.921074,-77.031887,2020-07-22 03:48:40
273,3rd & Tingey St SE,9,10,0,19,38.875009999999996,-77.0024,2020-07-22 03:48:40
274,10th & Florida Ave NW,9,10,0,19,38.920387,-77.025672,2020-07-22 03:48:40
275,Potomac Ave & 8th St SE,5,10,0,15,38.876737,-76.99446800000001,2020-07-22 03:48:40
277,Fallsgrove Dr & W Montgomery Ave,0,15,0,15,39.099376,-77.188014,2020-07-22 03:48:40
278,Monroe St & Monroe Pl,9,6,0,15,39.083673,-77.149162,2020-07-22 03:48:40
279,Needwood Rd & Eagles Head Ct,9,6,0,15,39.123513,-77.15741,2020-07-22 03:48:40
280,East West Hwy & Blair Mill Rd,4,11,0,15,38.990249,-77.02935,2020-07-22 03:48:40
282,47th & Elm St,1,14,1,15,38.982456,-77.09199100000001,2020-07-22 03:48:40
283,Dennis Ave & Amherst Ave,2,13,0,15,39.025387196236316,-77.04456299543382,2020-07-22 03:48:40
284,Montgomery College / W Campus Dr & Mannakee St,5,16,0,21,39.095661,-77.159048,2020-07-22 03:48:40
285,Fenton St & Gist Ave,3,8,0,11,38.989724,-77.023854,2020-07-22 03:48:40
286,Carroll & Westmoreland Ave,2,13,1,15,38.975,-77.01120999999999,2020-07-22 03:48:40
287,Carroll & Ethan Allen Ave,1,14,1,15,38.977933,-77.006472,2020-07-22 03:48:40
288,Battery Ln & Trolley Trail,2,13,1,15,38.992375,-77.100104,2020-07-22 03:48:40
289,Norfolk & Rugby Ave,0,11,0,11,38.990639,-77.100239,2020-07-22 03:48:40
290,Offutt Ln & Chevy Chase Dr,5,6,0,11,38.977092999999996,-77.094589,2020-07-22 03:48:40
293,Fleet St & Ritchie Pkwy,10,5,0,15,39.076331,-77.141378,2020-07-22 03:48:40
294,Piccard & W Gude Dr,2,17,0,19,39.102212,-77.177091,2020-07-22 03:48:40
295,Silver Spring Transit Center - Top Level,1,14,0,15,38.994034850608365,-77.03037142753602,2020-07-22 03:48:40
296,Georgia Ave & Spring St,3,8,0,11,38.999388,-77.03155500000001,2020-07-22 03:48:40
297,Fenton St & Ellsworth Dr ,4,9,1,15,38.997033,-77.02560799999999,2020-07-22 03:48:40
298,King Farm Blvd & Pleasant Dr,10,8,0,18,39.114688,-77.171487,2020-07-22 03:48:40
299,King Farm Blvd & Piccard Dr,3,12,0,15,39.110314,-77.18266899999999,2020-07-22 03:48:40
301,Calvert St & Woodley Pl NW,5,14,0,19,38.923583,-77.050046,2020-07-22 03:48:40
302,New Jersey Ave & N St NW/Dunbar HS,7,10,0,19,38.90733256111448,-77.01536044478415,2020-07-22 03:48:40
303,Nannie Helen Burroughs Ave & 49th St NE,4,7,0,11,38.898536,-76.931862,2020-07-22 03:48:40
304,Deanwood Rec Center,13,2,1,15,38.908473,-76.933099,2020-07-22 03:48:40
305,Hains Point/Buckeye & Ohio Dr SW,11,6,0,17,38.878433,-77.03023,2020-07-22 03:48:40
306,Arlington Blvd & Fillmore St,4,7,1,11,38.873754999999996,-77.089233,2020-07-22 03:48:40
307,Eads St & 12th St S,11,4,0,17,38.862753000000005,-77.05428,2020-07-22 03:48:40
308,Old Georgetown Rd & Southwick St,0,19,0,19,38.999634,-77.109647,2020-07-22 03:48:40
309,Friendship Blvd & Willard Ave,11,6,0,19,38.96115,-77.08865899999999,2020-07-22 03:48:40
310,North Capitol St & G Pl NE,3,16,0,19,38.899703,-77.008911,2020-07-22 03:48:40
311,31st St & S Woodrow St,5,6,0,11,38.837666,-77.09482,2020-07-22 03:48:40
312,Washington Blvd & Walter Reed Dr ,3,12,0,15,38.873219,-77.082104,2020-07-22 03:48:40
313,TJ Cmty Ctr / 2nd St & S Old Glebe Rd,1,12,0,15,38.869417999999996,-77.095596,2020-07-22 03:48:40
314,Connecticut Ave & Tilden St NW,4,11,2,15,38.94113915653008,-77.061977237463,2020-07-22 03:48:40
315,Medical Center Dr & Key West Ave,1,14,0,15,39.103091,-77.196442,2020-07-22 03:48:40
316,Shady Grove Hospital,9,10,0,19,39.097636,-77.196636,2020-07-22 03:48:40
317,Veterans Pl & Pershing Dr ,5,4,0,11,38.997445,-77.023894,2020-07-22 03:48:40
318,Rockville Metro East,4,9,0,13,39.085394,-77.145803,2020-07-22 03:48:40
319,1st & H St NW,7,6,0,15,38.900358000000004,-77.012108,2020-07-22 03:48:40
320,Fort Totten Metro,0,19,0,19,38.952369,-77.002721,2020-07-22 03:48:40
321,Takoma Metro,5,14,1,19,38.975219,-77.016855,2020-07-22 03:48:40
322,Rhode Island Ave Metro,2,17,0,19,38.920682,-76.995876,2020-07-22 03:48:40
323,Rolfe St & 9th St S,4,7,0,11,38.866471000000004,-77.076131,2020-07-22 03:48:40
324,Shirlington Transit Center / Quincy St & Randolph St,10,5,0,15,38.839912,-77.08708299999999,2020-07-22 03:48:40
325,Shady Grove Metro West,5,12,0,19,39.119765,-77.166093,2020-07-22 03:48:40
326,River Rd & Landy Ln,16,3,0,19,38.964991999999995,-77.103381,2020-07-22 03:48:40
327,Rockville Metro West,6,13,0,19,39.084379,-77.146866,2020-07-22 03:48:40
328,Bethesda Metro / Wisconsin Ave & Old Georgetown Rd,1,11,0,12,38.984691,-77.094537,2020-07-22 03:48:40
329,Iwo Jima Memorial / Meade & 14th St N,12,6,0,19,38.889920000000004,-77.071301,2020-07-22 03:48:40
330,34th & Water St NW,12,7,0,19,38.90366269005048,-77.0676684380669,2020-07-22 03:48:40
331,Duke St & John Carlyle St,8,7,0,15,38.804378,-77.060866,2020-07-22 03:48:40
332,Lee Hwy & N Cleveland St,2,10,0,15,38.894940999999996,-77.09169,2020-07-22 03:48:40
333,Arlington Blvd & S George Mason Dr,1,12,0,15,38.869442,-77.10450300000001,2020-07-22 03:48:40
334,10th & G St NW,15,6,0,23,38.89824328774852,-77.02623546123505,2020-07-22 03:48:40
335,Lee Hwy & N Scott St,7,8,0,15,38.897612,-77.080851,2020-07-22 03:48:40
336,New Hampshire Ave & 24th St NW,3,14,0,19,38.901755,-77.051084,2020-07-22 03:48:40
337,Eisenhower Ave & Mill Race Ln,13,2,0,15,38.801111,-77.068952,2020-07-22 03:48:40
338,Potomac Greens Dr & Slaters Ln,9,2,0,11,38.82175,-77.047494,2020-07-22 03:48:40
339,Ballenger Ave & Dulaney St,6,11,0,19,38.802677,-77.063562,2020-07-22 03:48:40
340,Mount Vernon Ave & E Nelson Ave,7,4,0,11,38.820064,-77.05761899999999,2020-07-22 03:48:40
341,Mount Vernon Ave & E Del Ray Ave,6,9,0,15,38.82595,-77.058541,2020-07-22 03:48:40
342,Monroe Ave & Leslie Ave,10,4,0,15,38.820932,-77.053096,2020-07-22 03:48:40
343,Mount Vernon Ave & Kennedy St,6,9,0,15,38.833077,-77.059821,2020-07-22 03:48:40
344,Court House Metro / 15th St & N Uhle St,9,12,2,21,38.890612,-77.084801,2020-07-22 03:48:40
345,WAU / Flower Ave & Division St,9,6,1,15,38.986743,-77.000035,2020-07-22 03:48:40
346,Long Bridge Park / Long Bridge Dr & 6th St S,5,10,0,15,38.865553000000006,-77.05003,2020-07-22 03:48:40
347,Connecticut Ave & McKinley St NW,8,11,0,19,38.964543509245885,-77.07513481378554,2020-07-22 03:48:40
348,15th & L St NW,14,9,0,23,38.903659999999995,-77.034846,2020-07-22 03:48:40
349,17th & G St NW,11,14,0,31,38.89829964921176,-77.03973233699799,2020-07-22 03:48:40
350,Spring St & 2nd Ave,1,14,0,15,38.997653,-77.034499,2020-07-22 03:48:40
351,18th & R St NW,12,6,0,19,38.912648,-77.041834,2020-07-22 03:48:40
352,Joyce St & 16th St S,4,11,0,15,38.859254,-77.063275,2020-07-22 03:48:40
353,Union Market,22,1,0,23,38.907908,-76.99707,2020-07-22 03:48:40
354,Lee Hwy & N Monroe St,9,6,0,15,38.896456,-77.104562,2020-07-22 03:48:40
355,21st St & N Pierce St,6,9,0,15,38.898984000000006,-77.078317,2020-07-22 03:48:40
356,Lee Hwy & N Kirkwood Rd,8,6,1,15,38.895377,-77.09713,2020-07-22 03:48:40
357,19th & G St NW,10,13,0,23,38.898412,-77.043182,2020-07-22 03:48:40
358,2nd St & Seaton Pl NE,4,15,0,19,38.914751108831155,-77.00356006622314,2020-07-22 03:48:40
359,Wilson Blvd & N Illinois St ,7,6,0,15,38.876528,-77.12711999999999,2020-07-22 03:48:40
364,Army Navy Dr & S Nash St,3,8,1,11,38.862150245214906,-77.06812083721161,2020-07-22 03:48:40
365,31st & Water St NW,13,6,0,19,38.902814,-77.06104300000001,2020-07-22 03:48:40
367,11th & S St NW,3,18,0,23,38.913761,-77.027025,2020-07-22 03:48:40
368,Walter Reed Dr & 8th St S,4,11,0,15,38.86612,-77.08787,2020-07-22 03:48:40
369,2nd & G St NE,12,11,0,23,38.89967,-77.00366600000001,2020-07-22 03:48:40
370,8th & O St NW,9,8,0,19,38.908640000000005,-77.02277,2020-07-22 03:48:40
371,Georgia & Missouri Ave NW,3,16,0,19,38.961339,-77.027855,2020-07-22 03:48:40
373,Oklahoma Ave & D St NE,15,4,0,19,38.894474,-76.974828,2020-07-22 03:48:40
374,Maryland Ave & E St NE,2,17,0,19,38.896134,-76.9929,2020-07-22 03:48:40
375,New York Ave & Hecht Ave NE,3,19,0,23,38.915603999999995,-76.983683,2020-07-22 03:48:40
376,Yuma St & Tenley Circle NW,8,11,0,19,38.946182,-77.08059,2020-07-22 03:48:40
377,Connecticut Ave & Chevy Chase Lake Dr,9,6,1,15,38.994113,-77.076986,2020-07-22 03:48:40
378,Key West Ave & Siesta Key Way,7,8,0,15,39.105295,-77.194774,2020-07-22 03:48:40
379,Lee Hwy & N Woodstock St,1,18,0,19,38.898301000000004,-77.118009,2020-07-22 03:48:40
380,Saint Asaph St & Madison St,14,1,0,15,38.812718,-77.044097,2020-07-22 03:48:40
381,King St Metro North / Cameron St,14,1,0,15,38.80704,-77.05981700000001,2020-07-22 03:48:40
382,Madison St & N Henry St,1,14,0,15,38.813485,-77.049468,2020-07-22 03:48:40
383,Medical Center Metro ,3,16,0,19,38.999378,-77.097882,2020-07-22 03:48:40
384,Washington Blvd & N Frederick St,0,11,0,11,38.884828999999996,-77.12767099999999,2020-07-22 03:48:40
385,Wisconsin Ave & Ingomar St NW,4,15,0,19,38.958267,-77.084636,2020-07-22 03:48:40
386,16th & Irving St NW,11,7,0,19,38.928893,-77.03625,2020-07-22 03:48:40
387,16th & R St NW,6,13,0,19,38.912652,-77.036278,2020-07-22 03:48:40
388,Lyttonsville Rd & Lyttonsville Pl,6,5,0,15,38.999679,-77.051168,2020-07-22 03:48:40
389,Woodmont Ave & Strathmore St,-1,10,0,11,38.979875,-77.093522,2020-07-22 03:48:40
390,14th & L St NW,6,13,0,19,38.903658,-77.03173699999999,2020-07-22 03:48:40
391,1st & O St NW,4,11,0,15,38.908643,-77.012365,2020-07-22 03:48:40
392,South Capitol & Atlantic St SW,13,6,0,19,38.831516,-77.008133,2020-07-22 03:48:40
393,18th & C St NW,15,4,0,19,38.893511,-77.04154399999999,2020-07-22 03:48:40
394,22nd & P ST NW,15,4,0,19,38.909394,-77.048728,2020-07-22 03:48:40
395,East West Hwy & 16th St,4,15,0,19,38.995681,-77.038721,2020-07-22 03:48:40
396,Royal St & Wilkes St,9,6,0,15,38.799267,-77.0447,2020-07-22 03:48:40
397,14th & Girard St NW,10,13,0,23,38.925284000000005,-77.032375,2020-07-22 03:48:40
398,Potomac Ave & Main Line Blvd,9,10,1,19,38.822738,-77.049265,2020-07-22 03:48:40
399,11th & O St NW,16,3,1,19,38.908429999999996,-77.02714,2020-07-22 03:48:40
400,10th St & L'Enfant Plaza SW,5,18,0,23,38.88432272414662,-77.02601015567778,2020-07-22 03:48:40
401,Connecticut Ave & Yuma St NW,0,19,0,19,38.947156,-77.065115,2020-07-22 03:48:40
402,2nd St & Massachusetts Ave NE,13,10,0,23,38.894971999999996,-77.003135,2020-07-22 03:48:40
403,Radford St & Osage St,1,22,0,23,38.828437,-77.086031,2020-07-22 03:48:40
404,East Falls Church Metro / Sycamore St & 19th St N,1,18,0,19,38.885320719750744,-77.15642720460892,2020-07-22 03:48:40
405,Kennebec St & 11th St N,5,10,0,15,38.880992,-77.135271,2020-07-22 03:48:40
406,Commonwealth Ave & Oak St,6,11,0,19,38.812711,-77.061715,2020-07-22 03:48:40
407,Commonwealth Ave & E Monroe Ave,7,8,0,15,38.82005823354218,-77.0628207921982,2020-07-22 03:48:40
408,4th St & Madison Dr NW,13,16,0,31,38.890493,-77.017253,2020-07-22 03:48:40
409,Henry Bacon Dr & Lincoln Memorial Circle NW,3,16,0,19,38.890544,-77.049379,2020-07-22 03:48:40
410,17th St & Independence Ave SW,4,15,0,19,38.888096999999995,-77.038325,2020-07-22 03:48:40
411,Franklin St & S Washington St,11,8,0,19,38.798133,-77.0487,2020-07-22 03:48:40
412,Mount Vernon Ave & Four Mile Run Park,11,4,0,15,38.843422,-77.06401600000001,2020-07-22 03:48:40
413,4th St & K St NW,17,2,0,23,38.90240556584194,-77.01600551605225,2020-07-22 03:48:40
414,Mount Vernon Ave & Bruce St,7,8,0,15,38.841291,-77.06309300000001,2020-07-22 03:48:40
415,Lee Center,12,3,0,15,38.797557,-77.05376600000001,2020-07-22 03:48:40
416,Powhatan St & Bashford Ln,9,6,0,15,38.818748,-77.047783,2020-07-22 03:48:40
417,Potomac Ave & Swann Ave,12,5,2,19,38.829545,-77.047844,2020-07-22 03:48:40
418,14th & Irving St NW,23,8,0,31,38.928552,-77.032224,2020-07-22 03:48:40
420,Wisconsin Ave & Brandywine St NW,3,22,0,25,38.949813,-77.080217,2020-07-22 03:48:40
421,24th & R St NE / National Arboretum,5,12,0,19,38.91263,-76.971923,2020-07-22 03:48:40
422,Division Ave & Foote St NE,9,6,0,15,38.897407,-76.925907,2020-07-22 03:48:40
423,16th & Q St SE / Anacostia HS,19,4,0,23,38.870695,-76.982359,2020-07-22 03:48:40
424,Spring Hill Metro,7,8,1,15,38.929261,-77.240654,2020-07-22 03:48:40
425,Westpark Dr & Leesburg Pike,5,6,0,11,38.92403,-77.235955,2020-07-22 03:48:40
427,Tysons One Pl & Chain Bridge Rd,0,11,0,11,38.919475,-77.221179,2020-07-22 03:48:40
428,Tysons Corner Station,5,6,0,11,38.920939000000004,-77.222115,2020-07-22 03:48:40
429,Westpark & Jones Branch Dr,3,8,0,11,38.924437,-77.217664,2020-07-22 03:48:40
430,Jones Branch & Westbranch Dr,6,7,0,13,38.931911,-77.219261,2020-07-22 03:48:40
431,Westpark & Park Run Dr,0,11,0,11,38.928919,-77.225394,2020-07-22 03:48:40
432,Tysons West Transit Center,0,11,0,11,38.932635999999995,-77.231825,2020-07-22 03:48:40
433,North Shore & Cameron Crescent Dr/Crescent Apartments,4,7,0,11,38.970046,-77.338686,2020-07-22 03:48:40
434,Town Center Pkwy & Bowman Towne Dr,3,12,0,15,38.962524,-77.361902,2020-07-22 03:48:40
435,Reston Regional Library,8,7,0,15,38.962095,-77.358815,2020-07-22 03:48:40
436,New Dominion Pkwy & Fountain Dr,3,12,0,15,38.960574,-77.356324,2020-07-22 03:48:40
437,Sunset Hills & Old Reston Ave,4,9,0,15,38.955079,-77.351649,2020-07-22 03:48:40
438,Reston Town Center Transit Station,10,7,1,17,38.957037,-77.359718,2020-07-22 03:48:40
439,1st & D St SE,15,4,1,19,38.884916,-77.005965,2020-07-22 03:48:40
440,Wiehle Ave & Reston Station Blvd,15,4,0,19,38.94660792121498,-77.3393914103508,2020-07-22 03:48:40
441,Library St & Freedom Dr,17,2,0,19,38.959633000000004,-77.35874100000001,2020-07-22 03:48:40
442,Sunset Hills Rd & Discovery Square,1,14,0,15,38.95534,-77.357611,2020-07-22 03:48:40
443,22nd St & Constitution Ave NW,7,14,0,23,38.892441,-77.048947,2020-07-22 03:48:40
444,61st St & Banks Pl NE,4,15,1,19,38.891805,-76.913563,2020-07-22 03:48:40
445,Temporary Rd & Old Reston Ave,5,10,0,15,38.960084,-77.353414,2020-07-22 03:48:40
446,Reston YMCA,4,11,0,15,38.955314,-77.368416,2020-07-22 03:48:40
447,Sunset Hills Rd & Isaac Newton Square,3,8,1,11,38.951443,-77.340377,2020-07-22 03:48:40
448,N Lynn St & Fairfax Dr,13,2,0,15,38.89386,-77.070862,2020-07-22 03:48:40
449,Georgia Ave & Piney Branch Rd NW,4,10,3,15,38.967504999999996,-77.027976,2020-07-22 03:48:40
450,Greensboro & International Dr,0,11,0,11,38.923083,-77.227417,2020-07-22 03:48:40
451,Madison St & Fairfax St,8,7,0,15,38.812351,-77.04069100000001,2020-07-22 03:48:40
452,Sligo Ave & Carroll Ln,4,11,0,15,38.990874,-77.016311,2020-07-22 03:48:40
453,15th & W St NW,4,15,0,19,38.919086,-77.034502,2020-07-22 03:48:40
454,12th St & Pennsylvania Ave SE,8,11,0,19,38.882489,-76.990121,2020-07-22 03:48:40
455,3rd St & Riggs Rd NE,12,3,1,15,38.957463,-77.002239,2020-07-22 03:48:40
456,Carlin Springs Rd & N Thomas St,4,11,0,15,38.876695,-77.11298199999999,2020-07-22 03:48:40
457,Towers Crescent Dr & Tysons One Pl,6,5,0,11,38.915246,-77.220157,2020-07-22 03:48:40
458,6th & K St NE,17,2,0,19,38.90293157359119,-76.9984048604965,2020-07-22 03:48:40
459,Pooks Hill Rd & Linden Ave,3,11,2,15,39.014716,-77.10714300000001,2020-07-22 03:48:40
460,Takoma Park Rec Center,6,9,0,15,38.98265,-76.988311,2020-07-22 03:48:40
461,New Hampshire & Kirklynn Ave,5,10,0,15,38.988101,-76.988422,2020-07-22 03:48:40
462,Wheaton Metro / Georgia Ave & Reedie Dr,4,7,0,11,39.038340999999996,-77.051023,2020-07-22 03:48:40
463,Amherst Ave & Elkins St,5,10,0,15,39.044887,-77.047788,2020-07-22 03:48:40
464,Amherst Ave & Prichard Rd,2,13,0,15,39.035965000000004,-77.048395,2020-07-22 03:48:40
465,Grandview & Blueridge Ave,0,15,0,15,39.043271999999995,-77.053085,2020-07-22 03:48:40
466,Windham Ln & Amherst Ave,0,15,0,15,39.032029,-77.04735,2020-07-22 03:48:40
467,North Shore Dr & Village Rd,5,6,2,11,38.970411999999996,-77.340787,2020-07-22 03:48:40
468,Town Center Pkwy & Sunset Hills Rd,4,7,0,11,38.955170598044894,-77.3630940914154,2020-07-22 03:48:40
469,3rd & Underwood St NW,1,18,0,19,38.968834,-77.016258,2020-07-22 03:48:40
470,18th & Monroe St NE,18,1,0,19,38.93293,-76.979517,2020-07-22 03:48:40
471,7th & E St SW,13,6,0,19,38.88345,-77.021741,2020-07-22 03:48:40
472,Shady Grove Metro East,6,13,0,19,39.121327,-77.164969,2020-07-22 03:48:40
473,Potomac & M St NW,3,13,1,19,38.905368,-77.065149,2020-07-22 03:48:40
474,Columbia & Ontario Rd NW,19,4,0,23,38.924088,-77.040787,2020-07-22 03:48:40
475,Washington-Liberty High School / N Stafford St & Generals Way,1,14,0,15,38.888282000000004,-77.11106600000001,2020-07-22 03:48:40
476,Westover Library / Washington Blvd & N McKinley Rd,8,7,0,15,38.886047999999995,-77.142317,2020-07-22 03:48:40
477,Columbia Pike & S Taylor St,12,3,0,15,38.858523999999996,-77.103728,2020-07-22 03:48:40
478,Columbus Ave & Tribeca St,0,11,0,11,39.125828111770346,-77.16705948114395,2020-07-22 03:48:40
479,Columbus Ave & Gramercy Blvd,5,6,0,11,39.123329999999996,-77.16486,2020-07-22 03:48:40
480,Reston Pkwy & Spectrum Dr,8,7,3,15,38.96420774100621,-77.35428035259247,2020-07-22 03:48:40
481,Key West Ave & Great Seneca Hwy,6,5,0,11,39.105641999999996,-77.20385999999999,2020-07-22 03:48:40
482,Virginia Ave & 25th St NW,8,11,0,19,38.8995,-77.05415500000001,2020-07-22 03:48:40
483,15th & M St NW,17,2,0,19,38.905424,-77.034674,2020-07-22 03:48:40
484,11th & Girard St NW,13,6,0,19,38.925636,-77.027112,2020-07-22 03:48:40
485,Connecticut Ave & R St NW,2,17,0,19,38.912644,-77.04564,2020-07-22 03:48:40
486,Wilson Blvd & N Troy St,2,13,0,15,38.892556,-77.082089,2020-07-22 03:48:40
487,American University East Campus,-1,18,0,19,38.936298,-77.087128,2020-07-22 03:48:40
488,15th St & Constitution Ave NW,10,9,0,19,38.892244,-77.033234,2020-07-22 03:48:40
490,23rd & M St NW,17,2,0,19,38.905303,-77.050264,2020-07-22 03:48:40
491,Corporate Blvd & Omega Dr,4,11,0,15,39.106971,-77.192645,2020-07-22 03:48:40
492,Key West Ave & Diamondback Dr,2,9,0,11,39.106152,-77.202354,2020-07-22 03:48:40
493,Alabama Ave & Stanton Rd SE / Shops at Park Village,3,15,0,19,38.846270000000004,-76.98185,2020-07-22 03:48:40
494,Mississippi Ave & 19th St SE / THEARC,4,15,0,19,38.84377,-76.97556999999999,2020-07-22 03:48:40
495,19th & Savannah St SE,1,10,0,11,38.84623,-76.97703,2020-07-22 03:48:40
496,4th St & Mississippi Ave SE,18,1,1,19,38.836,-77.0009,2020-07-22 03:48:40
497,1st & S Capitol St SE / Oxon Run Trail,18,1,0,19,38.824481,-77.00549699999999,2020-07-22 03:48:40
498,Livingston Rd & 3rd St SE,11,2,0,15,38.82373,-77.00223000000001,2020-07-22 03:48:40
499,Joliet St & MLK Ave SW/Bald Eagle Rec Ctr,3,16,1,19,38.81909,-77.01033000000001,2020-07-22 03:48:40
500,37th & Ely Pl SE,13,2,0,15,38.883010999999996,-76.949709,2020-07-22 03:48:40
501,15th St & Pennsylvania Ave NW,18,1,0,19,38.89646474748647,-77.0333808660507,2020-07-22 03:48:40
505,Maine Ave & 9th St SW,2,13,0,15,38.88044,-77.02523599999999,2020-07-22 03:48:40
506,Lincoln Rd & Seaton Pl NE/Harry Thomas Rec Center,-1,16,0,19,38.915,-77.0078,2020-07-22 03:48:40
507,Blueridge Ave & Elkin St,1,14,0,15,39.04313,-77.05006,2020-07-22 03:48:40
508,Georgia Ave & Kennedy St NW,2,17,1,19,38.95674,-77.02790999999999,2020-07-22 03:48:40
509,7th St & Massachusetts Ave NE,0,19,0,19,38.89222,-76.99602,2020-07-22 03:48:40
510,Anacostia Park,12,7,0,19,38.87335,-76.9834,2020-07-22 03:48:40
511,Twinbrook Metro,9,5,0,14,39.062041,-77.120776,2020-07-22 03:48:40
512,White Flint Metro,11,14,0,25,39.04753,-77.11287,2020-07-22 03:48:40
513,Citadel Ave & McGrath Blvd,1,14,0,15,39.049,-77.10933,2020-07-22 03:48:40
514,Rockville Pike & Old Georgetown Rd,1,14,0,15,39.049765,-77.11368,2020-07-22 03:48:40
515,Woodglen Dr & Executive Blvd,1,15,0,16,39.04317,-77.1135,2020-07-22 03:48:40
516,Executive Blvd & E Jefferson St,8,7,1,15,39.04873,-77.1257,2020-07-22 03:48:40
517,Fishers Ln & Rock Creek Mill Rd,4,11,0,15,39.0629,-77.113454,2020-07-22 03:48:40
518,Congressional Ln & E Jefferson St,2,13,0,15,39.06219,-77.129235,2020-07-22 03:48:40
519,Garland Ave & Walden Rd,5,10,3,15,39.000479999999996,-77.00076999999999,2020-07-22 03:48:40
520,Greensboro & Pinnacle Dr,3,10,0,13,38.92245,-77.23034,2020-07-22 03:48:40
521,1301 McCormick Dr / Wayne K. Curry Admin Bldg,5,10,0,15,38.908390999999995,-76.84326300000001,2020-07-22 03:48:40
522,Largo Town Center Metro,8,9,0,17,38.899811,-76.844604,2020-07-22 03:48:40
523,Baltimore Ave & Van Buren St / Riverdale Park Station,9,8,1,17,38.969581,-76.937349,2020-07-22 03:48:40
524,Baltimore Ave & Jefferson St,14,1,0,15,38.95548,-76.94013299999999,2020-07-22 03:48:40
525,Perry & 35th St,15,0,0,15,38.936213,-76.960054,2020-07-22 03:48:40
526,Rockville Pike & Meeting St,1,14,0,15,39.050539,-77.115212,2020-07-22 03:48:40
527,Potomac Ave & Half St SW,9,14,0,23,38.87020104555703,-77.01083689928055,2020-07-22 03:48:40
529,Crystal Dr & Potomac Ave,3,8,0,11,38.848304,-77.05122,2020-07-22 03:48:40
530,Largo Rd & Campus Way / Prince Georges's Comm Col,5,10,0,15,38.88994,-76.825535,2020-07-22 03:48:40
531,Stanton Square SE,0,19,0,19,38.855004,-76.984512,2020-07-22 03:48:40
532,14th & Newton St NW,7,12,0,19,38.931991,-77.032956,2020-07-22 03:48:40
533,48th Pl & MacArthur Blvd NW,10,4,0,14,38.917304,-77.09629,2020-07-22 03:48:40
534,14th & Luzon St NW,14,5,0,19,38.969489,-77.033509,2020-07-22 03:48:40
535,1st & M St SE,18,1,0,19,38.876893,-77.006072,2020-07-22 03:48:40
536,Fleet St & Waterfront St,4,7,0,15,38.782633000000004,-77.016059,2020-07-22 03:48:40
537,Oxon Hill Park & Ride,6,9,0,15,38.798749,-77.00103,2020-07-22 03:48:40
538,11th & Park Rd NW,8,10,3,19,38.93132185874559,-77.02824711799622,2020-07-22 03:48:40
539,4th & M St SE,12,7,0,19,38.876751,-77.000736,2020-07-22 03:48:40
540,Kansas Ave & Sherman Cr NW,1,18,1,19,38.948057,-77.021467,2020-07-22 03:48:40
541,Campus Commons,4,7,0,11,38.944707,-77.335425,2020-07-22 03:48:40
542,Park Run & Onyx Dr,1,10,0,11,38.92755,-77.226644,2020-07-22 03:48:40
543,7th & K St NW,19,0,0,19,38.902674,-77.021392,2020-07-22 03:48:40
544,King Greenleaf Rec Center,17,0,0,19,38.876211,-77.012443,2020-07-22 03:48:40
545,Montello Ave & Holbrook Terr NE,4,15,1,19,38.907444,-76.986813,2020-07-22 03:48:40
546,New Jersey Ave & F St NW,29,4,0,33,38.897108,-77.011616,2020-07-22 03:48:40
547,Maryland Ave & 17th St NE,3,16,1,19,38.901934999999995,-76.978627,2020-07-22 03:48:40
548,Massachusetts Ave & 6th St NE,3,16,0,19,38.892934000000004,-76.998273,2020-07-22 03:48:40
549,Woodley Park Metro / Calvert St & Connecticut Ave NW,10,13,1,23,38.923389,-77.051833,2020-07-22 03:48:40
550,McLean Metro,8,11,0,19,38.92400207520182,-77.20812678337097,2020-07-22 03:48:40
551,Trinidad Rec Center,6,13,0,19,38.906299,-76.983221,2020-07-22 03:48:40
552,Rosedale Rec Center,6,13,0,19,38.897808000000005,-76.97963399999999,2020-07-22 03:48:40
553,11th & C St SE,9,10,0,19,38.885908,-76.991476,2020-07-22 03:48:40
554,New Hampshire & Gallatin St NW,0,19,0,19,38.951596,-77.01280799999999,2020-07-22 03:48:40
555,United Medical Center,3,16,0,19,38.835737,-76.983144,2020-07-22 03:48:40
556,18th & New Hampshire Ave NW,6,13,0,19,38.911268,-77.041829,2020-07-22 03:48:40
560,Dunn Loring Metro,18,1,2,19,38.8828,-77.2283,2020-07-22 03:48:40
561,Oglethorpe St & 42nd Ave,8,7,0,15,38.959361,-76.946361,2020-07-22 03:48:40
562,Southern Ave Metro,8,7,0,15,38.840107,-76.9753,2020-07-22 03:48:40
563,Queens Chapel & Hamilton St,6,9,0,15,38.9546,-76.9595,2020-07-22 03:48:40
564,Northwestern High School,3,12,0,15,38.975505,-76.952199,2020-07-22 03:48:40
565,New Hampshire Ave & East-West Hwy,9,6,0,15,38.974205,-76.995227,2020-07-22 03:48:40
566,Rhode Island Ave & 39th St / Brentwood Arts Exchange,12,1,0,15,38.939271000000005,-76.955047,2020-07-22 03:48:40
567,Riggs Rd & East West Hwy,11,6,0,17,38.9725,-76.9807,2020-07-22 03:48:40
568,Tanger Outlets,6,9,0,15,38.7968,-77.0026,2020-07-22 03:48:40
569,Chillum Rd & Riggs Rd / Riggs Plaza,6,9,0,15,38.961737,-76.995922,2020-07-22 03:48:40
570,Hyattsville Library / Adelphi Rd & Toledo Rd,11,4,0,15,38.9698,-76.9493,2020-07-22 03:48:40
571,George Mason High School / Haycock Rd & Leesburg Pike,1,11,0,12,38.895171999999995,-77.190275,2020-07-22 03:48:40
572,State Theatre / Park Pl & N Washington St,0,12,0,12,38.882746000000004,-77.17003199999999,2020-07-22 03:48:40
573,N Oak St & W Broad St,5,7,0,12,38.88837,-77.17983199999999,2020-07-22 03:48:40
574,Pennsylvania Ave & Park Ave,7,5,0,12,38.887403000000006,-77.176992,2020-07-22 03:48:40
575,E Fairfax St & S Washington St,6,6,0,12,38.880612,-77.171891,2020-07-22 03:48:40
576,N Roosevelt St & Roosevelt Blvd,3,9,1,12,38.878085,-77.153953,2020-07-22 03:48:40
577,W Broad St & Little Falls St,6,6,0,12,38.883601,-77.173438,2020-07-22 03:48:40
578,S Maple Ave & S Washington St,5,7,0,12,38.87972,-77.17840799999999,2020-07-22 03:48:40
579,Falls Church City Hall / Park Ave & Little Falls St,2,10,0,12,38.885434000000004,-77.17360500000001,2020-07-22 03:48:40
580,W Columbia St & N Washington St,5,7,0,12,38.885621,-77.166917,2020-07-22 03:48:40
581,West Falls Church Metro,3,16,3,19,38.9001,-77.1887,2020-07-22 03:48:40
582,Jones Branch Drive & Scotts Crossing Rd,11,0,0,11,38.928502,-77.215624,2020-07-22 03:48:40
583,Georgia Ave & Morton St NW,1,18,0,19,38.932128000000006,-77.0235,2020-07-22 03:48:40
584,Merrilee Dr & Lauren Elizabeth Lane,10,1,0,11,38.879355,-77.230681,2020-07-22 03:48:40
585,Merrifield Cinema & Merrifield Town Center,10,1,0,11,38.870093,-77.22997,2020-07-22 03:48:40
586,Rhode Island & Montana Ave NE,0,19,0,19,38.9243,-76.9859,2020-07-22 03:48:40
587,7th & S St NW,15,4,0,19,38.914204318729794,-77.0221745967865,2020-07-22 03:48:40
588,North Capitol & R St NE,8,5,0,15,38.912524,-77.008798,2020-07-22 03:48:40
589,17th & Upshur St NW,1,18,0,19,38.942146,-77.038684,2020-07-22 03:48:40
590,Grant Circle,8,11,1,19,38.942024743273045,-77.01822102069855,2020-07-22 03:48:40
591,14th & Otis Pl NW,13,6,0,19,38.934405,-77.032687,2020-07-22 03:48:40
592,John McCormack Rd NE,2,17,0,19,38.938889,-76.997226,2020-07-22 03:48:40
593,West Hyattsville Metro,12,3,0,17,38.955349,-76.96808399999999,2020-07-22 03:48:40
594,Capitol Heights Metro,10,9,0,19,38.888524,-76.913188,2020-07-22 03:48:40
595,Prince George's Plaza Metro,8,9,0,17,38.965742,-76.954803,2020-07-22 03:48:40
596,Riverdale Park Town Center,17,0,0,17,38.962119,-76.935578,2020-07-22 03:48:40
597,The Mall at Prince Georges,16,1,0,17,38.968841999999995,-76.954171,2020-07-22 03:48:40
598,Wheaton Library & Community Rec Center,1,10,0,11,39.047322799999996,-77.0510969,2020-07-22 03:48:40
599,Edgewood Rec Center,12,3,0,15,38.924144,-77.002098,2020-07-22 03:48:40
601,8th & K St NE,11,4,0,15,38.90273216425078,-76.99514991079924,2020-07-22 03:48:40
602,Kingman Island/The Fields at RFK,15,0,0,19,38.895954557007535,-76.9678448436025,2020-07-22 03:48:40
603,Kenilworth Terrace & Hayes St. NE,16,3,0,19,38.90046848783359,-76.94728732109071,2020-07-22 03:48:40
604,National Harbor Carousel,13,2,0,15,38.7859,-77.0167,2020-07-22 03:48:40
605,Valley Ave & Wheeler Rd SE,3,16,0,19,38.836645781757504,-76.99358886515256,2020-07-22 03:48:40
606,Ridge Rd Community Center,3,16,0,19,38.876227445751475,-76.94098126958123,2020-07-22 03:48:40
607,Fort Stanton Rec Center,6,13,2,19,38.857369037587524,-76.97768801437633,2020-07-22 03:48:40
608,Reservoir Rd & 38th St NW,0,19,0,19,38.91261359469192,-77.07432264076488,2020-07-22 03:48:40
609,22nd & H St NW,16,1,0,17,38.898925467168425,-77.04885238395946,2020-07-22 03:48:40
610,8th & H St NE,17,2,0,19,38.899941626884754,-76.99489653110506,2020-07-22 03:48:40
611,Hardy Rec Center,7,8,0,17,38.90970086204467,-77.08564639091493,2020-07-22 03:48:40
612,The Shoppes @ Burnt Mills,19,0,0,19,39.0313141,-77.00412170000001,2020-07-22 03:48:40
613,Briggs Chaney & Castle Dr,3,14,0,19,39.081638,-76.945495,2020-07-22 03:48:40
614,White Oak Rec Center,12,3,0,15,39.0461435,-76.9757228,2020-07-22 03:48:40
615,Briggs Chaney Park & Ride,16,7,0,23,39.0778751,-76.9418666,2020-07-22 03:48:40
616,Stewart & April,9,10,0,19,39.0449444,-76.9811552,2020-07-22 03:48:40
617,Stewart Ln & Old Columbia Pike,8,11,0,19,39.0456521,-76.9854381,2020-07-22 03:48:40
618,New Hampshire & Lockwood,2,17,0,19,39.0391022,-76.99182370000001,2020-07-22 03:48:40
619,Castle Blvd & Castle Ln,6,13,2,19,39.085314000000004,-76.940547,2020-07-22 03:48:40
620,Oak Leaf & Lockwood,4,15,0,19,39.0379809,-76.9945391,2020-07-22 03:48:40
621,White Oak Transit Center,10,9,0,19,39.04104,-76.987125,2020-07-22 03:48:40
622,Wilson Blvd. & N. Vermont St.,1,9,0,12,38.87947660895433,-77.11456328630446,2020-07-22 03:48:40
623,Oklahoma Ave & Benning Rd NE,14,5,0,19,38.8974996,-76.9695094,2020-07-22 03:48:40
624,Minnesota Ave & R St SE,18,1,0,19,38.869336499999996,-76.97851899999999,2020-07-22 03:48:40
625,Vy Reston Heights,2,9,2,11,38.949008,-77.355299,2020-07-22 03:48:40
626,1st & K St NE,12,3,0,17,38.902386,-77.005649,2020-07-22 03:48:40
628,Wheeler Ave & S. Floyd St.,8,4,0,12,38.808161,-77.100796,2020-07-22 03:48:40
629,N. Beauregard St. & Berkley St.,15,4,1,19,38.840796999999995,-77.108938,2020-07-22 03:48:40
630,Mt Vernon Trail & S. Washington St.,12,3,0,15,38.7930647,-77.049436,2020-07-22 03:48:40
632,Eisenhower Ave & Ike Dr,6,9,0,15,38.802738,-77.0824626,2020-07-22 03:48:40
633,Capitol Ave & Kendall St NE,1,18,0,19,38.910993,-76.985854,2020-07-22 03:48:40
