,station_id,num_bikes_available,num_docks_available,num_ebikes_available,num_bikes_disabled,num_docks_disabled,last_reported,is_renting,is_returning,last_updated_date
0,1,14,1,0,0,0,1596097218,1,1,2020-07-30 08:29:15
1,2,10,1,0,0,0,1596114978,1,1,2020-07-30 08:29:15
2,3,14,3,1,0,0,1596115375,1,1,2020-07-30 08:29:15
3,4,10,1,2,0,0,1596072959,1,1,2020-07-30 08:29:15
4,5,7,1,0,2,0,1596109383,1,1,2020-07-30 08:29:15
5,6,18,1,0,0,0,1596105825,1,1,2020-07-30 08:29:15
6,7,14,1,1,0,0,1596109826,1,1,2020-07-30 08:29:15
7,8,9,10,0,0,0,1596111289,1,1,2020-07-30 08:29:15
8,10,3,8,1,0,0,1596113535,1,1,2020-07-30 08:29:15
9,11,4,7,0,0,0,1596114579,1,1,2020-07-30 08:29:15
10,12,8,9,0,0,0,1596111095,1,1,2020-07-30 08:29:15
11,13,7,4,0,0,0,1596109081,1,1,2020-07-30 08:29:15
12,14,1,14,0,0,0,1596113683,1,1,2020-07-30 08:29:15
13,15,22,9,0,0,0,1596114843,1,1,2020-07-30 08:29:15
14,16,17,8,0,2,0,1596115091,1,1,2020-07-30 08:29:15
15,17,27,3,2,3,0,1596115293,1,1,2020-07-30 08:29:15
16,18,5,10,0,0,0,1596115476,1,1,2020-07-30 08:29:15
17,19,4,15,0,0,0,1596112569,1,1,2020-07-30 08:29:15
18,20,11,12,0,0,0,1596115102,1,1,2020-07-30 08:29:15
19,21,0,19,0,0,0,1596113396,1,1,2020-07-30 08:29:15
20,22,14,7,1,1,0,1596115374,1,1,2020-07-30 08:29:15
21,23,9,9,2,1,0,1596114590,1,1,2020-07-30 08:29:15
22,24,8,11,0,0,0,1596114955,1,1,2020-07-30 08:29:15
23,25,8,15,0,0,0,1596110769,1,1,2020-07-30 08:29:15
24,26,8,7,0,0,0,1596115391,1,1,2020-07-30 08:29:15
25,27,23,11,0,1,0,1596110999,1,1,2020-07-30 08:29:15
26,28,5,14,1,0,0,1596115447,1,1,2020-07-30 08:29:15
27,29,11,8,3,0,0,1596115531,1,1,2020-07-30 08:29:15
28,30,1,10,0,0,0,1596096018,1,1,2020-07-30 08:29:15
29,31,12,6,0,1,0,1596115508,1,1,2020-07-30 08:29:15
30,32,9,6,0,0,0,1596113920,1,1,2020-07-30 08:29:15
31,33,5,14,1,0,0,1596114709,1,1,2020-07-30 08:29:15
32,34,0,10,0,1,0,1596098420,1,1,2020-07-30 08:29:15
33,35,0,10,0,0,0,1596115080,1,1,2020-07-30 08:29:15
34,36,6,4,0,0,0,1596107888,1,1,2020-07-30 08:29:15
35,37,15,0,0,0,0,1596096918,1,1,2020-07-30 08:29:15
36,38,10,1,0,0,0,1596097219,1,1,2020-07-30 08:29:15
37,39,11,0,1,0,0,1596097520,1,1,2020-07-30 08:29:15
38,40,11,0,0,0,0,1596096619,1,1,2020-07-30 08:29:15
39,41,11,0,0,0,0,1596110810,1,1,2020-07-30 08:29:15
40,42,11,4,0,0,0,1596115105,1,1,2020-07-30 08:29:15
41,43,4,11,0,0,0,1596113718,1,1,2020-07-30 08:29:15
42,44,4,7,0,0,0,1596114785,1,1,2020-07-30 08:29:15
43,45,30,9,0,0,0,1596114290,1,1,2020-07-30 08:29:15
44,46,8,7,0,0,0,1596115650,1,1,2020-07-30 08:29:15
45,47,8,7,0,0,0,1596115751,1,1,2020-07-30 08:29:15
46,48,10,5,1,0,0,1596106486,1,1,2020-07-30 08:29:15
47,49,15,2,0,0,0,1596115717,1,1,2020-07-30 08:29:15
48,51,28,17,1,0,0,1596115711,1,1,2020-07-30 08:29:15
49,52,9,6,1,0,0,1596115649,1,1,2020-07-30 08:29:15
50,53,12,7,0,0,0,1596115733,1,1,2020-07-30 08:29:15
51,54,14,8,0,1,0,1596113929,1,1,2020-07-30 08:29:15
52,55,3,10,0,2,0,1596114991,1,1,2020-07-30 08:29:15
53,56,4,7,0,0,0,1596115625,1,1,2020-07-30 08:29:15
54,57,8,7,1,0,0,1596115127,1,1,2020-07-30 08:29:15
55,58,7,8,0,0,0,1596112731,1,1,2020-07-30 08:29:15
56,59,5,13,0,1,0,1596115543,1,1,2020-07-30 08:29:15
57,60,2,12,1,0,0,1596114949,1,1,2020-07-30 08:29:15
58,61,9,5,0,1,0,1596114668,1,1,2020-07-30 08:29:15
59,62,10,1,0,0,0,1596115689,1,1,2020-07-30 08:29:15
60,63,4,11,0,0,0,1596114062,1,1,2020-07-30 08:29:15
61,64,9,10,1,0,0,1596114276,1,1,2020-07-30 08:29:15
62,65,2,9,1,0,0,1596098722,1,1,2020-07-30 08:29:15
63,66,1,10,0,0,0,1596115697,1,1,2020-07-30 08:29:15
64,67,5,6,0,0,0,1596114940,1,1,2020-07-30 08:29:15
65,68,2,13,0,0,0,1596113157,1,1,2020-07-30 08:29:15
66,69,9,14,1,0,0,1596115145,1,1,2020-07-30 08:29:15
67,70,4,7,0,0,0,1596098721,1,1,2020-07-30 08:29:15
68,71,32,6,0,1,0,1596112980,1,1,2020-07-30 08:29:15
69,72,7,11,0,0,0,1596114858,1,1,2020-07-30 08:29:15
70,73,4,7,0,0,0,1596073078,1,1,2020-07-30 08:29:15
71,74,14,1,0,0,0,1596113111,1,1,2020-07-30 08:29:15
72,75,14,1,0,0,0,1596109382,1,1,2020-07-30 08:29:15
73,76,21,10,0,0,0,1596111082,1,1,2020-07-30 08:29:15
74,77,8,11,0,0,0,1596113218,1,1,2020-07-30 08:29:15
75,78,15,3,0,1,0,1596114830,1,1,2020-07-30 08:29:15
76,79,18,9,0,0,0,1596115114,1,1,2020-07-30 08:29:15
77,80,1,14,1,0,0,1596113622,1,1,2020-07-30 08:29:15
78,81,20,7,0,0,0,1596114072,1,1,2020-07-30 08:29:15
79,82,30,1,1,0,0,1596114186,1,1,2020-07-30 08:29:15
80,84,2,21,0,0,0,1596113655,1,1,2020-07-30 08:29:15
81,85,8,7,0,0,0,1596113719,1,1,2020-07-30 08:29:15
82,86,5,14,0,0,0,1596114725,1,1,2020-07-30 08:29:15
83,87,17,5,0,1,0,1596113036,1,1,2020-07-30 08:29:15
84,88,11,8,0,0,0,1596115651,1,1,2020-07-30 08:29:15
85,89,1,22,0,0,0,1596113639,1,1,2020-07-30 08:29:15
86,90,2,9,0,0,0,1596115292,1,1,2020-07-30 08:29:15
87,91,20,2,1,1,0,1596113822,1,1,2020-07-30 08:29:15
88,92,31,2,1,0,0,1596114033,1,1,2020-07-30 08:29:15
89,93,4,11,2,0,0,1596112685,1,1,2020-07-30 08:29:15
90,94,8,15,0,0,0,1596114570,1,1,2020-07-30 08:29:15
91,95,19,4,0,0,0,1596115349,1,1,2020-07-30 08:29:15
92,96,10,9,0,0,0,1596112097,1,1,2020-07-30 08:29:15
93,97,14,1,0,0,0,1596111059,1,1,2020-07-30 08:29:15
94,98,9,2,0,0,0,1596113713,1,1,2020-07-30 08:29:15
95,99,3,21,1,1,0,1596114513,1,1,2020-07-30 08:29:15
96,100,2,9,0,0,0,1596098421,1,1,2020-07-30 08:29:15
97,101,10,21,0,0,0,1596115040,1,1,2020-07-30 08:29:15
98,102,0,22,0,1,0,1596115248,1,1,2020-07-30 08:29:15
99,103,24,15,1,0,0,1596115693,1,1,2020-07-30 08:29:15
100,104,11,13,0,1,0,1596114689,1,1,2020-07-30 08:29:15
101,105,11,15,1,1,0,1596114901,1,1,2020-07-30 08:29:15
102,107,19,0,1,0,0,1596114669,1,1,2020-07-30 08:29:15
103,108,2,13,0,0,0,1596114797,1,1,2020-07-30 08:29:15
104,109,27,8,0,0,0,1596098421,1,1,2020-07-30 08:29:15
105,110,1,22,0,0,0,1596112435,0,0,2020-07-30 08:29:15
106,111,5,14,0,0,0,1596111837,1,1,2020-07-30 08:29:15
107,112,11,2,0,1,0,1596115348,1,1,2020-07-30 08:29:15
108,113,28,27,0,0,0,1596113159,1,1,2020-07-30 08:29:15
109,114,7,16,1,0,0,1596115639,1,1,2020-07-30 08:29:15
110,115,6,13,0,0,0,1596115459,1,1,2020-07-30 08:29:15
111,116,4,11,3,0,0,1596056132,0,0,2020-07-30 08:29:15
112,117,14,8,0,1,0,1596115254,1,1,2020-07-30 08:29:15
113,118,18,5,0,0,0,1596113488,1,1,2020-07-30 08:29:15
114,124,8,22,0,1,0,1596112896,1,1,2020-07-30 08:29:15
115,125,6,8,0,1,0,1596114362,1,1,2020-07-30 08:29:15
116,126,14,4,0,1,0,1596114375,1,1,2020-07-30 08:29:15
117,127,18,13,1,0,0,1596115540,1,1,2020-07-30 08:29:15
118,128,9,10,0,0,0,1596112676,1,1,2020-07-30 08:29:15
119,129,6,9,0,0,0,1596111401,1,1,2020-07-30 08:29:15
120,130,7,7,5,1,0,1596115702,1,1,2020-07-30 08:29:15
121,131,5,6,0,0,0,1596110016,1,1,2020-07-30 08:29:15
122,132,1,14,0,0,0,1596098119,1,1,2020-07-30 08:29:15
123,133,12,3,0,0,0,1596113694,1,1,2020-07-30 08:29:15
124,134,1,14,1,0,0,1596107548,1,1,2020-07-30 08:29:15
125,135,6,11,0,1,1,1596114541,1,1,2020-07-30 08:29:15
126,136,13,9,0,1,0,1596115602,1,1,2020-07-30 08:29:15
127,137,10,23,0,0,0,1596114639,1,1,2020-07-30 08:29:15
128,138,0,11,0,0,0,1596111480,1,1,2020-07-30 08:29:15
129,139,1,14,0,0,0,1596111143,1,1,2020-07-30 08:29:15
130,140,2,15,0,0,0,1596114912,1,1,2020-07-30 08:29:15
131,141,19,8,0,0,0,1596114078,1,1,2020-07-30 08:29:15
132,142,22,17,0,0,0,1596113596,1,1,2020-07-30 08:29:15
133,143,16,1,1,1,0,1596115663,1,1,2020-07-30 08:29:15
134,144,10,8,0,1,0,1596113740,1,1,2020-07-30 08:29:15
135,145,8,6,0,1,0,1596115276,1,1,2020-07-30 08:29:15
136,146,4,11,1,0,0,1596115670,1,1,2020-07-30 08:29:15
137,147,10,5,0,0,0,1596115700,1,1,2020-07-30 08:29:15
138,148,2,17,1,0,0,1596115672,1,1,2020-07-30 08:29:15
139,149,18,0,0,1,0,1596113728,1,1,2020-07-30 08:29:15
140,150,17,2,0,0,0,1596109488,1,1,2020-07-30 08:29:15
141,151,0,15,0,0,0,1596099509,1,1,2020-07-30 08:29:15
142,152,11,2,0,2,0,1596098722,1,1,2020-07-30 08:29:15
143,153,5,14,1,0,0,1596115568,1,1,2020-07-30 08:29:15
144,154,8,6,1,0,0,1596114333,1,1,2020-07-30 08:29:15
145,155,4,11,0,0,0,1596109893,1,1,2020-07-30 08:29:15
146,156,2,9,0,0,0,1596112630,1,1,2020-07-30 08:29:15
147,157,10,0,0,1,0,1596074246,1,1,2020-07-30 08:29:15
148,158,8,7,0,0,0,1596105434,1,1,2020-07-30 08:29:15
149,159,16,7,0,0,0,1596115439,1,1,2020-07-30 08:29:15
150,160,0,11,0,0,0,1596079809,1,1,2020-07-30 08:29:15
151,161,3,8,1,0,0,1596075145,1,1,2020-07-30 08:29:15
152,162,12,2,0,0,0,1596115328,1,1,2020-07-30 08:29:15
153,163,6,12,0,0,0,1596114072,1,1,2020-07-30 08:29:15
154,164,5,10,2,0,0,1596113826,1,1,2020-07-30 08:29:15
155,165,3,16,3,0,0,1596108894,1,1,2020-07-30 08:29:15
156,166,2,9,0,0,0,1596111835,1,1,2020-07-30 08:29:15
157,167,8,7,6,0,0,1596115716,1,1,2020-07-30 08:29:15
158,168,13,8,0,2,0,1596115639,1,1,2020-07-30 08:29:15
159,169,7,27,0,1,0,1596115666,1,1,2020-07-30 08:29:15
160,170,0,15,0,0,0,1596099024,1,1,2020-07-30 08:29:15
161,171,11,8,0,0,0,1596114602,1,1,2020-07-30 08:29:15
162,172,1,9,1,0,0,1596073334,1,1,2020-07-30 08:29:15
163,173,5,14,0,0,0,1596109237,1,1,2020-07-30 08:29:15
164,174,7,4,1,0,0,1596115594,1,1,2020-07-30 08:29:15
165,175,1,10,1,0,0,1596110117,1,1,2020-07-30 08:29:15
166,176,1,22,0,0,0,1596113220,1,1,2020-07-30 08:29:15
167,177,0,11,0,0,0,1596110319,1,1,2020-07-30 08:29:15
168,178,21,2,1,0,0,1596112858,1,1,2020-07-30 08:29:15
169,179,13,2,0,0,0,1596111787,1,1,2020-07-30 08:29:15
170,180,0,11,0,0,0,1596099024,1,1,2020-07-30 08:29:15
171,181,3,12,1,0,0,1596113551,1,1,2020-07-30 08:29:15
172,182,1,10,0,0,0,1596069661,1,1,2020-07-30 08:29:15
173,183,12,7,0,0,0,1596109643,1,1,2020-07-30 08:29:15
174,185,12,7,0,0,0,1596114072,1,1,2020-07-30 08:29:15
175,186,1,18,0,0,0,1596112117,1,1,2020-07-30 08:29:15
176,187,5,14,0,0,0,1596111747,1,1,2020-07-30 08:29:15
177,188,8,14,0,0,0,1596114984,1,1,2020-07-30 08:29:15
178,189,16,3,1,0,0,1596112981,1,1,2020-07-30 08:29:15
179,190,12,3,0,0,0,1596115011,1,1,2020-07-30 08:29:15
180,191,11,4,0,0,0,1596111130,1,1,2020-07-30 08:29:15
181,192,14,0,0,1,0,1596106950,1,1,2020-07-30 08:29:15
182,194,14,0,0,1,0,1596066416,1,1,2020-07-30 08:29:15
183,195,8,9,0,0,0,1596099025,1,1,2020-07-30 08:29:15
184,196,9,20,0,0,0,1596109843,1,1,2020-07-30 08:29:15
185,197,3,20,0,0,0,1596099026,1,1,2020-07-30 08:29:15
186,198,6,9,0,0,0,1596113477,1,1,2020-07-30 08:29:15
187,199,12,3,1,0,0,1596114948,1,1,2020-07-30 08:29:15
188,200,11,4,0,0,0,1596113929,1,1,2020-07-30 08:29:15
189,201,1,10,0,0,0,1596099025,1,1,2020-07-30 08:29:15
190,202,5,6,0,0,0,1596111641,1,1,2020-07-30 08:29:15
191,203,6,5,0,0,0,1596107800,1,1,2020-07-30 08:29:15
192,204,10,13,0,1,0,1596115284,1,1,2020-07-30 08:29:15
193,206,15,0,0,0,0,1596099342,1,1,2020-07-30 08:29:15
194,207,14,5,0,0,0,1596113249,1,1,2020-07-30 08:29:15
195,208,0,15,0,0,0,1596115020,1,1,2020-07-30 08:29:15
196,209,0,15,0,0,0,1596060456,1,1,2020-07-30 08:29:15
197,210,14,8,0,0,0,1596115178,1,1,2020-07-30 08:29:15
198,211,2,13,0,0,0,1596114563,1,1,2020-07-30 08:29:15
199,212,1,10,0,0,0,1596099026,1,1,2020-07-30 08:29:15
200,213,14,1,0,0,0,1596108665,1,1,2020-07-30 08:29:15
201,214,15,8,1,0,0,1596113783,1,1,2020-07-30 08:29:15
202,215,3,12,0,0,0,1596111682,1,1,2020-07-30 08:29:15
203,216,1,18,0,0,0,1596099343,1,1,2020-07-30 08:29:15
204,217,0,18,0,1,0,1596109434,1,1,2020-07-30 08:29:15
205,218,5,14,3,0,0,1596106163,1,1,2020-07-30 08:29:15
206,219,9,2,0,0,0,1596114637,1,1,2020-07-30 08:29:15
207,220,10,1,0,0,0,1596099341,1,1,2020-07-30 08:29:15
208,221,6,5,1,0,0,1596110327,1,1,2020-07-30 08:29:15
209,222,7,4,0,0,0,1596113386,1,1,2020-07-30 08:29:15
210,223,11,4,0,0,0,1596107933,1,1,2020-07-30 08:29:15
211,224,10,1,0,0,0,1596041509,1,1,2020-07-30 08:29:15
212,225,2,13,0,0,0,1596099341,1,1,2020-07-30 08:29:15
213,226,1,17,1,0,0,1596115459,1,1,2020-07-30 08:29:15
214,227,13,0,0,0,0,1596115468,1,1,2020-07-30 08:29:15
215,228,1,22,1,0,0,1596114666,1,1,2020-07-30 08:29:15
216,229,2,17,1,0,0,1596115659,1,1,2020-07-30 08:29:15
217,230,1,13,0,1,0,1596114815,1,1,2020-07-30 08:29:15
218,231,3,8,0,0,0,1596115408,1,1,2020-07-30 08:29:15
219,232,12,2,1,1,0,1596114226,1,1,2020-07-30 08:29:15
220,233,4,7,1,0,0,1596115518,1,1,2020-07-30 08:29:15
221,234,1,21,0,1,0,1596115252,1,1,2020-07-30 08:29:15
222,235,9,6,0,0,0,1596111974,1,1,2020-07-30 08:29:15
223,236,15,4,0,0,0,1596112461,1,1,2020-07-30 08:29:15
224,237,1,14,0,0,0,1596111008,1,1,2020-07-30 08:29:15
225,239,2,9,0,0,0,1596110691,1,1,2020-07-30 08:29:15
226,240,11,0,0,0,0,1596111324,1,1,2020-07-30 08:29:15
227,241,2,13,0,0,0,1596112856,1,1,2020-07-30 08:29:15
228,242,12,19,1,0,0,1596115059,1,1,2020-07-30 08:29:15
229,243,5,6,1,0,0,1596108596,1,1,2020-07-30 08:29:15
230,244,6,9,0,0,0,1596109769,1,1,2020-07-30 08:29:15
231,245,0,11,0,0,0,1596101934,1,1,2020-07-30 08:29:15
232,246,3,8,1,0,0,1596099342,1,1,2020-07-30 08:29:15
233,247,8,6,2,0,0,1596114311,1,1,2020-07-30 08:29:15
234,248,3,9,0,2,0,1596115229,1,1,2020-07-30 08:29:15
235,249,8,6,0,0,0,1596110440,1,1,2020-07-30 08:29:15
236,250,5,14,0,0,0,1596109207,1,1,2020-07-30 08:29:15
237,251,19,7,0,0,0,1596114724,1,1,2020-07-30 08:29:15
238,252,27,4,2,0,0,1596115060,1,1,2020-07-30 08:29:15
239,253,1,14,0,0,0,1596112842,1,1,2020-07-30 08:29:15
240,254,1,14,0,0,0,1596112842,1,1,2020-07-30 08:29:15
241,255,0,11,0,0,0,1596109885,1,1,2020-07-30 08:29:15
242,256,15,0,0,0,0,1596099343,1,1,2020-07-30 08:29:15
243,257,4,7,0,0,0,1596105316,1,1,2020-07-30 08:29:15
244,258,1,14,0,0,0,1596111007,1,1,2020-07-30 08:29:15
245,259,2,17,0,0,0,1596099343,1,1,2020-07-30 08:29:15
246,260,0,11,0,0,0,1596099343,1,1,2020-07-30 08:29:15
247,261,9,10,0,0,0,1596099343,1,1,2020-07-30 08:29:15
248,262,3,16,1,0,0,1596099343,1,1,2020-07-30 08:29:15
249,263,1,10,0,0,0,1596099341,1,1,2020-07-30 08:29:15
250,264,6,9,1,0,0,1596099343,1,1,2020-07-30 08:29:15
251,265,0,11,0,0,0,1596099344,1,1,2020-07-30 08:29:15
252,266,4,2,0,3,0,1596099344,1,1,2020-07-30 08:29:15
253,267,3,12,0,0,0,1596099344,1,1,2020-07-30 08:29:15
254,268,12,7,0,0,0,1596109642,1,1,2020-07-30 08:29:15
255,269,8,7,1,0,0,1596114626,1,1,2020-07-30 08:29:15
256,270,1,10,1,0,0,1596112683,1,1,2020-07-30 08:29:15
257,271,0,19,0,0,0,1596090577,1,1,2020-07-30 08:29:15
258,272,9,5,0,1,0,1596115504,1,1,2020-07-30 08:29:15
259,273,9,10,0,0,0,1596115163,1,1,2020-07-30 08:29:15
260,274,14,5,0,0,0,1596115394,1,1,2020-07-30 08:29:15
261,275,9,6,0,0,0,1596112199,1,1,2020-07-30 08:29:15
262,277,8,7,0,0,0,1596099344,1,1,2020-07-30 08:29:15
263,278,3,12,1,0,0,1596099344,1,1,2020-07-30 08:29:15
264,279,9,6,1,0,0,1596099344,1,1,2020-07-30 08:29:15
265,280,4,11,0,0,0,1596109471,1,1,2020-07-30 08:29:15
266,282,0,15,0,0,0,1596099344,1,1,2020-07-30 08:29:15
267,283,9,6,0,0,0,1596113196,1,1,2020-07-30 08:29:15
268,284,4,16,0,1,0,1596099344,1,1,2020-07-30 08:29:15
269,285,1,10,0,0,0,1596099344,1,1,2020-07-30 08:29:15
270,286,2,13,1,0,0,1596110924,1,1,2020-07-30 08:29:15
271,287,0,15,0,0,0,1596114678,1,1,2020-07-30 08:29:15
272,288,2,13,2,0,0,1596114022,1,1,2020-07-30 08:29:15
273,289,0,11,0,0,0,1596110935,1,1,2020-07-30 08:29:15
274,290,3,8,2,0,0,1596115459,1,1,2020-07-30 08:29:15
275,293,12,1,0,2,0,1596115336,1,1,2020-07-30 08:29:15
276,294,3,16,0,0,0,1596099344,1,1,2020-07-30 08:29:15
277,295,6,9,0,0,0,1596099342,1,1,2020-07-30 08:29:15
278,296,1,10,0,0,0,1596099345,1,1,2020-07-30 08:29:15
279,297,5,9,1,1,0,1596114333,1,1,2020-07-30 08:29:15
280,298,10,8,0,0,0,1596099345,1,1,2020-07-30 08:29:15
281,299,4,11,0,0,0,1596103900,1,1,2020-07-30 08:29:15
282,301,4,15,0,0,0,1596115525,1,1,2020-07-30 08:29:15
283,302,3,15,1,1,0,1596115740,1,1,2020-07-30 08:29:15
284,303,11,0,0,0,0,1596099346,1,1,2020-07-30 08:29:15
285,304,15,0,0,0,0,1596099345,1,1,2020-07-30 08:29:15
286,305,11,6,1,0,0,1596114654,1,1,2020-07-30 08:29:15
287,306,0,11,0,0,0,1596113148,1,1,2020-07-30 08:29:15
288,307,15,1,0,0,0,1596114266,1,1,2020-07-30 08:29:15
289,308,5,14,1,0,0,1596114404,1,1,2020-07-30 08:29:15
290,309,2,17,2,0,0,1596115618,1,1,2020-07-30 08:29:15
291,310,15,4,0,0,0,1596115613,1,1,2020-07-30 08:29:15
292,311,5,6,0,0,0,1596099347,1,1,2020-07-30 08:29:15
293,312,1,14,0,0,0,1596102220,1,1,2020-07-30 08:29:15
294,313,2,13,0,0,0,1596115177,1,1,2020-07-30 08:29:15
295,314,0,15,0,0,0,1596108622,1,1,2020-07-30 08:29:15
296,315,1,14,0,0,0,1596099346,1,1,2020-07-30 08:29:15
297,316,11,8,0,0,0,1596113049,1,1,2020-07-30 08:29:15
298,317,2,8,0,0,1,1596113708,1,1,2020-07-30 08:29:15
299,318,1,12,0,0,0,1596099346,1,1,2020-07-30 08:29:15
300,319,1,13,1,1,0,1596114259,1,1,2020-07-30 08:29:15
301,320,7,12,2,0,0,1596112470,1,1,2020-07-30 08:29:15
302,321,8,11,0,0,0,1596108404,1,1,2020-07-30 08:29:15
303,322,1,17,0,1,0,1596115095,1,1,2020-07-30 08:29:15
304,323,3,8,1,0,0,1596099347,1,1,2020-07-30 08:29:15
305,324,15,0,0,0,0,1596112399,1,1,2020-07-30 08:29:15
306,325,2,16,0,1,0,1596111474,1,1,2020-07-30 08:29:15
307,326,0,19,0,0,0,1596099346,1,1,2020-07-30 08:29:15
308,327,4,15,0,0,0,1596031163,1,1,2020-07-30 08:29:15
309,328,0,12,0,0,0,1596099348,1,1,2020-07-30 08:29:15
310,329,18,0,0,1,0,1596114381,1,1,2020-07-30 08:29:15
311,330,15,4,0,0,0,1596115397,1,1,2020-07-30 08:29:15
312,331,9,6,0,0,0,1596104835,1,1,2020-07-30 08:29:15
313,332,6,9,0,0,0,1596099348,1,1,2020-07-30 08:29:15
314,333,0,15,0,0,0,1596099347,1,1,2020-07-30 08:29:15
315,334,15,7,1,1,0,1596113469,1,1,2020-07-30 08:29:15
316,335,11,3,0,1,0,1596112034,1,1,2020-07-30 08:29:15
317,336,14,5,3,0,0,1596115147,1,1,2020-07-30 08:29:15
318,337,5,10,0,0,0,1596113985,1,1,2020-07-30 08:29:15
319,338,10,1,0,0,0,1596108325,1,1,2020-07-30 08:29:15
320,339,9,10,0,0,0,1596115141,1,1,2020-07-30 08:29:15
321,340,3,8,0,0,0,1596113088,1,1,2020-07-30 08:29:15
322,341,2,13,0,0,0,1596113296,1,1,2020-07-30 08:29:15
323,342,15,0,0,0,0,1596107953,1,1,2020-07-30 08:29:15
324,343,5,10,0,0,0,1596111274,1,1,2020-07-30 08:29:15
325,344,5,16,0,0,0,1596114848,1,1,2020-07-30 08:29:15
326,345,2,13,0,0,0,1596099348,1,1,2020-07-30 08:29:15
327,346,2,12,1,1,0,1596115082,1,1,2020-07-30 08:29:15
328,347,2,16,0,0,0,1596114150,1,1,2020-07-30 08:29:15
329,348,6,17,1,0,0,1596114029,1,1,2020-07-30 08:29:15
330,349,28,3,0,0,0,1596114319,1,1,2020-07-30 08:29:15
331,350,2,13,1,0,0,1596099348,1,1,2020-07-30 08:29:15
332,351,12,7,1,0,0,1596115387,1,1,2020-07-30 08:29:15
333,352,13,2,1,0,0,1596114911,1,1,2020-07-30 08:29:15
334,353,10,13,0,0,0,1596113863,1,1,2020-07-30 08:29:15
335,354,10,5,0,0,0,1596109626,1,1,2020-07-30 08:29:15
336,355,0,15,0,0,0,1596112325,1,1,2020-07-30 08:29:15
337,356,8,6,1,0,0,1596115282,1,1,2020-07-30 08:29:15
338,357,18,4,1,1,0,1596112269,1,1,2020-07-30 08:29:15
339,358,3,16,0,0,0,1596114287,1,1,2020-07-30 08:29:15
340,359,8,7,0,0,0,1596113425,1,1,2020-07-30 08:29:15
341,364,5,6,0,0,0,1596098721,1,1,2020-07-30 08:29:15
342,365,6,13,0,0,0,1596113347,1,1,2020-07-30 08:29:15
343,367,17,6,2,0,0,1596114595,1,1,2020-07-30 08:29:15
344,368,2,13,1,0,0,1596113344,1,1,2020-07-30 08:29:15
345,369,14,8,0,1,0,1596114313,1,1,2020-07-30 08:29:15
346,370,14,5,0,0,0,1596115400,1,1,2020-07-30 08:29:15
347,371,7,12,4,0,0,1596112550,1,1,2020-07-30 08:29:15
348,373,17,2,1,0,0,1596112618,1,1,2020-07-30 08:29:15
349,374,6,13,0,0,0,1596115752,1,1,2020-07-30 08:29:15
350,375,12,11,3,0,0,1596113133,1,1,2020-07-30 08:29:15
351,376,1,18,1,0,0,1596099350,1,1,2020-07-30 08:29:15
352,377,8,7,0,0,0,1596115659,1,1,2020-07-30 08:29:15
353,378,9,5,0,0,0,1596111100,1,1,2020-07-30 08:29:15
354,379,5,13,1,0,0,1596115462,1,1,2020-07-30 08:29:15
355,380,11,4,0,0,0,1596110057,1,1,2020-07-30 08:29:15
356,381,12,3,0,0,0,1596110070,1,1,2020-07-30 08:29:15
357,382,13,2,0,0,0,1596099350,1,1,2020-07-30 08:29:15
358,383,0,19,0,0,0,1596099349,1,1,2020-07-30 08:29:15
359,384,5,6,0,0,0,1596113721,1,1,2020-07-30 08:29:15
360,385,1,17,0,0,1,1596079911,1,1,2020-07-30 08:29:15
361,386,3,14,0,2,0,1596113401,1,1,2020-07-30 08:29:15
362,387,1,18,0,0,0,1596114661,1,1,2020-07-30 08:29:15
363,388,6,9,0,0,0,1596069047,1,1,2020-07-30 08:29:15
364,389,2,9,2,0,0,1596111839,1,1,2020-07-30 08:29:15
365,390,16,1,0,2,0,1596114600,1,1,2020-07-30 08:29:15
366,391,4,10,2,1,0,1596113155,1,1,2020-07-30 08:29:15
367,392,17,2,0,0,0,1596110030,1,1,2020-07-30 08:29:15
368,393,15,3,0,1,0,1596114321,1,1,2020-07-30 08:29:15
369,394,16,3,0,0,0,1596112659,1,1,2020-07-30 08:29:15
370,395,2,17,0,0,0,1596109264,1,1,2020-07-30 08:29:15
371,396,13,2,0,0,0,1596113210,1,1,2020-07-30 08:29:15
372,397,1,21,0,1,0,1596111457,1,1,2020-07-30 08:29:15
373,398,11,7,0,0,0,1596113812,1,1,2020-07-30 08:29:15
374,399,13,6,0,0,0,1596114566,1,1,2020-07-30 08:29:15
375,400,0,23,0,0,0,1596114673,1,1,2020-07-30 08:29:15
376,401,4,15,0,0,0,1596115399,1,1,2020-07-30 08:29:15
377,402,7,16,2,0,0,1596115297,1,1,2020-07-30 08:29:15
378,403,1,22,0,0,0,1596072244,1,1,2020-07-30 08:29:15
379,404,8,11,2,0,0,1596112015,1,1,2020-07-30 08:29:15
380,405,7,8,0,0,0,1596110805,1,1,2020-07-30 08:29:15
381,406,8,11,0,0,0,1596106243,1,1,2020-07-30 08:29:15
382,407,4,11,0,0,0,1596099349,1,1,2020-07-30 08:29:15
383,408,16,15,0,0,0,1596113921,1,1,2020-07-30 08:29:15
384,409,3,15,0,0,0,1596114848,1,1,2020-07-30 08:29:15
385,410,2,17,0,0,0,1596112718,1,1,2020-07-30 08:29:15
386,411,15,4,1,0,0,1596049626,1,1,2020-07-30 08:29:15
387,412,14,1,0,0,0,1596108792,1,1,2020-07-30 08:29:15
388,413,6,17,0,0,0,1596115241,1,1,2020-07-30 08:29:15
389,414,15,0,0,0,0,1596071441,1,1,2020-07-30 08:29:15
390,415,13,2,0,0,0,1596035020,1,1,2020-07-30 08:29:15
391,416,9,6,0,0,0,1596110606,1,1,2020-07-30 08:29:15
392,417,12,7,1,0,0,1596113784,1,1,2020-07-30 08:29:15
393,418,2,29,1,0,0,1596115556,1,1,2020-07-30 08:29:15
394,420,1,24,1,0,0,1596099505,1,1,2020-07-30 08:29:15
395,421,7,12,0,0,0,1596056359,1,1,2020-07-30 08:29:15
396,422,10,3,0,2,0,1596058188,1,1,2020-07-30 08:29:15
397,423,17,6,0,0,0,1596114649,1,1,2020-07-30 08:29:15
398,424,4,9,0,1,0,1596094265,1,1,2020-07-30 08:29:15
399,425,6,5,1,0,0,1596114653,1,1,2020-07-30 08:29:15
400,427,2,9,0,0,0,1596109824,1,1,2020-07-30 08:29:15
401,428,4,7,0,0,0,1596112317,1,1,2020-07-30 08:29:15
402,429,3,8,0,0,0,1596013231,1,1,2020-07-30 08:29:15
403,430,6,7,0,0,0,1596013232,1,1,2020-07-30 08:29:15
404,431,1,10,0,0,0,1596013232,1,1,2020-07-30 08:29:15
405,432,2,9,0,0,0,1596113420,1,1,2020-07-30 08:29:15
406,433,4,7,0,0,0,1596013232,1,1,2020-07-30 08:29:15
407,434,3,12,1,0,0,1596013232,1,1,2020-07-30 08:29:15
408,435,7,7,0,1,0,1596068113,1,1,2020-07-30 08:29:15
409,436,1,14,1,0,0,1596113270,1,1,2020-07-30 08:29:15
410,437,7,6,0,1,0,1596084789,1,1,2020-07-30 08:29:15
411,438,7,10,0,0,0,1596067094,1,1,2020-07-30 08:29:15
412,439,19,0,2,0,0,1596114182,1,1,2020-07-30 08:29:15
413,440,15,4,0,0,0,1596113400,1,1,2020-07-30 08:29:15
414,441,15,4,0,0,0,1596112662,1,1,2020-07-30 08:29:15
415,442,0,15,0,0,0,1596013233,1,1,2020-07-30 08:29:15
416,443,11,11,0,1,0,1596113745,1,1,2020-07-30 08:29:15
417,444,3,16,1,0,0,1596099349,1,1,2020-07-30 08:29:15
418,445,1,13,0,0,0,1596100996,1,1,2020-07-30 08:29:15
419,446,4,10,0,0,0,1596112411,1,1,2020-07-30 08:29:15
420,447,2,9,0,0,0,1596099349,1,1,2020-07-30 08:29:15
421,448,10,5,0,0,0,1596115003,1,1,2020-07-30 08:29:15
422,449,2,13,2,0,0,1596112399,1,1,2020-07-30 08:29:15
423,450,4,7,0,0,0,1596013233,1,1,2020-07-30 08:29:15
424,451,15,0,0,0,0,1596099025,1,1,2020-07-30 08:29:15
425,452,2,13,0,0,0,1596098721,1,1,2020-07-30 08:29:15
426,453,14,5,0,0,0,1596113616,1,1,2020-07-30 08:29:15
427,454,10,9,0,0,0,1596113665,1,1,2020-07-30 08:29:15
428,455,14,1,0,0,0,1596076270,1,1,2020-07-30 08:29:15
429,456,0,15,0,0,0,1596108293,1,1,2020-07-30 08:29:15
430,457,3,8,0,0,0,1596109586,1,1,2020-07-30 08:29:15
431,458,15,4,0,0,0,1596114061,1,1,2020-07-30 08:29:15
432,459,4,10,2,0,0,1596065358,1,1,2020-07-30 08:29:15
433,460,7,8,0,0,0,1596085879,1,1,2020-07-30 08:29:15
434,461,9,6,1,0,0,1596115361,1,1,2020-07-30 08:29:15
435,462,2,9,2,0,0,1596034380,1,1,2020-07-30 08:29:15
436,463,4,11,0,0,0,1596013233,1,1,2020-07-30 08:29:15
437,464,3,12,1,0,0,1596074748,1,1,2020-07-30 08:29:15
438,465,10,5,2,0,0,1596115050,1,1,2020-07-30 08:29:15
439,466,4,10,1,0,0,1596113822,1,1,2020-07-30 08:29:15
440,467,6,5,2,0,0,1596036420,1,1,2020-07-30 08:29:15
441,468,5,6,1,0,0,1596013233,1,1,2020-07-30 08:29:15
442,469,2,17,0,0,0,1596113073,1,1,2020-07-30 08:29:15
443,470,16,3,1,0,0,1596112557,1,1,2020-07-30 08:29:15
444,471,13,6,0,0,0,1596115672,1,1,2020-07-30 08:29:15
445,472,11,8,0,0,0,1596099350,1,1,2020-07-30 08:29:15
446,473,9,10,1,0,0,1596113830,1,1,2020-07-30 08:29:15
447,474,2,21,0,0,0,1596113815,1,1,2020-07-30 08:29:15
448,475,0,15,0,0,0,1596109499,1,1,2020-07-30 08:29:15
449,476,11,4,0,0,0,1596051928,1,1,2020-07-30 08:29:15
450,477,14,1,0,0,0,1596098120,1,1,2020-07-30 08:29:15
451,478,0,11,0,0,0,1596013234,1,1,2020-07-30 08:29:15
452,479,2,9,0,0,0,1596068484,1,1,2020-07-30 08:29:15
453,480,4,11,0,0,0,1596050195,1,1,2020-07-30 08:29:15
454,481,5,6,0,0,0,1596112579,1,1,2020-07-30 08:29:15
455,482,15,4,0,0,0,1596081191,1,1,2020-07-30 08:29:15
456,483,6,13,0,0,0,1596115386,1,1,2020-07-30 08:29:15
457,484,0,18,0,0,0,1596113747,1,1,2020-07-30 08:29:15
458,485,18,1,0,0,0,1596114360,1,1,2020-07-30 08:29:15
459,486,7,8,0,0,0,1596108675,1,1,2020-07-30 08:29:15
460,487,1,18,1,0,0,1596099349,1,1,2020-07-30 08:29:15
461,488,16,1,0,2,0,1596112428,1,1,2020-07-30 08:29:15
462,490,11,8,1,0,0,1596112812,1,1,2020-07-30 08:29:15
463,491,5,10,1,0,0,1596013234,1,1,2020-07-30 08:29:15
464,492,2,9,0,0,0,1596024270,1,1,2020-07-30 08:29:15
465,493,2,17,0,0,0,1596110637,1,1,2020-07-30 08:29:15
466,494,6,13,0,0,0,1596013235,1,1,2020-07-30 08:29:15
467,495,2,9,0,0,0,1596057904,1,1,2020-07-30 08:29:15
468,496,12,7,1,0,0,1596111197,1,1,2020-07-30 08:29:15
469,497,17,1,0,1,0,1596066750,0,0,2020-07-30 08:29:15
470,498,14,0,0,1,0,1596059488,1,1,2020-07-30 08:29:15
471,499,6,12,0,0,0,1596094317,1,1,2020-07-30 08:29:15
472,500,15,0,0,0,0,1596057194,1,1,2020-07-30 08:29:15
473,501,10,9,0,0,0,1596108676,1,1,2020-07-30 08:29:15
474,505,5,10,0,0,0,1596114591,1,1,2020-07-30 08:29:15
475,506,6,13,0,0,0,1596114489,1,1,2020-07-30 08:29:15
476,507,1,14,0,0,0,1596013235,1,1,2020-07-30 08:29:15
477,508,4,15,0,0,0,1596099348,1,1,2020-07-30 08:29:15
478,509,1,18,0,0,0,1596115413,1,1,2020-07-30 08:29:15
479,510,5,13,0,0,0,1596114875,1,1,2020-07-30 08:29:15
480,511,7,5,0,1,0,1596059993,1,1,2020-07-30 08:29:15
481,512,0,25,0,0,0,1596102648,1,1,2020-07-30 08:29:15
482,513,0,15,0,0,0,1596099350,1,1,2020-07-30 08:29:15
483,514,0,15,0,0,0,1596066546,1,1,2020-07-30 08:29:15
484,515,3,13,0,0,0,1596112478,1,1,2020-07-30 08:29:15
485,516,7,7,0,0,0,1596073846,1,1,2020-07-30 08:29:15
486,517,2,13,1,0,0,1596054592,1,1,2020-07-30 08:29:15
487,518,7,8,1,0,0,1596066266,1,1,2020-07-30 08:29:15
488,519,5,10,1,0,0,1596099350,1,1,2020-07-30 08:29:15
489,520,1,12,0,0,0,1596114494,1,1,2020-07-30 08:29:15
490,521,5,10,0,0,0,1596099350,1,1,2020-07-30 08:29:15
491,522,8,9,0,0,0,1596099351,1,1,2020-07-30 08:29:15
492,523,7,10,0,0,0,1596112926,1,1,2020-07-30 08:29:15
493,524,12,3,1,0,0,1596113446,1,1,2020-07-30 08:29:15
494,525,13,2,0,0,0,1596112558,1,1,2020-07-30 08:29:15
495,526,1,14,0,0,0,1596099350,1,1,2020-07-30 08:29:15
496,527,20,2,0,1,0,1596115185,1,1,2020-07-30 08:29:15
497,529,11,0,0,0,0,1596055354,1,1,2020-07-30 08:29:15
498,530,5,10,0,0,0,1596099351,1,1,2020-07-30 08:29:15
499,531,3,16,0,0,0,1596109135,1,1,2020-07-30 08:29:15
500,532,1,17,0,1,0,1596114314,1,1,2020-07-30 08:29:15
501,533,3,9,0,1,0,1596114277,1,1,2020-07-30 08:29:15
502,534,2,17,0,0,0,1596104241,1,1,2020-07-30 08:29:15
503,535,9,9,0,0,0,1596115536,1,1,2020-07-30 08:29:15
504,536,14,0,0,0,1,1596099351,1,1,2020-07-30 08:29:15
505,537,6,9,0,0,0,1596032878,1,1,2020-07-30 08:29:15
506,538,2,17,1,0,0,1596114707,1,1,2020-07-30 08:29:15
507,539,6,13,0,0,0,1596114888,1,1,2020-07-30 08:29:15
508,540,7,12,6,0,0,1596113495,1,1,2020-07-30 08:29:15
509,541,10,1,0,0,0,1596013236,1,1,2020-07-30 08:29:15
510,542,5,6,0,0,0,1596099351,1,1,2020-07-30 08:29:15
511,543,15,4,0,0,0,1596113203,1,1,2020-07-30 08:29:15
512,544,14,5,0,0,0,1596089774,1,1,2020-07-30 08:29:15
513,545,5,13,0,0,0,1596111387,1,1,2020-07-30 08:29:15
514,546,25,7,0,1,0,1596114085,1,1,2020-07-30 08:29:15
515,547,6,13,4,0,0,1596078221,1,1,2020-07-30 08:29:15
516,548,9,10,2,0,0,1596115181,1,1,2020-07-30 08:29:15
517,549,7,16,0,0,0,1596115360,1,1,2020-07-30 08:29:15
518,550,10,9,0,0,0,1596013237,1,1,2020-07-30 08:29:15
519,551,2,17,0,0,0,1596115194,1,1,2020-07-30 08:29:15
520,552,18,1,0,0,0,1596112623,1,1,2020-07-30 08:29:15
521,553,7,10,0,1,0,1596115357,1,1,2020-07-30 08:29:15
522,554,2,17,0,0,0,1596113273,1,1,2020-07-30 08:29:15
523,555,5,14,0,0,0,1596030911,1,1,2020-07-30 08:29:15
524,556,13,6,0,0,0,1596115669,1,1,2020-07-30 08:29:15
525,560,18,1,0,0,0,1596069452,1,1,2020-07-30 08:29:15
526,561,7,8,1,0,0,1596050690,1,1,2020-07-30 08:29:15
527,562,6,9,0,0,0,1596041246,1,1,2020-07-30 08:29:15
528,563,14,1,0,0,0,1596106755,1,1,2020-07-30 08:29:15
529,564,3,12,2,0,0,1596051641,1,1,2020-07-30 08:29:15
530,565,9,6,0,0,0,1596055131,1,1,2020-07-30 08:29:15
531,566,15,0,0,0,0,1596038148,1,1,2020-07-30 08:29:15
532,567,8,9,0,0,0,1596105177,1,1,2020-07-30 08:29:15
533,568,8,7,0,0,0,1596110041,1,1,2020-07-30 08:29:15
534,569,6,9,1,0,0,1596103825,1,1,2020-07-30 08:29:15
535,570,10,5,0,0,0,1596013238,1,1,2020-07-30 08:29:15
536,571,2,10,0,0,0,1596066990,1,1,2020-07-30 08:29:15
537,572,6,6,0,0,0,1596013238,1,1,2020-07-30 08:29:15
538,573,3,9,0,0,0,1596024348,1,1,2020-07-30 08:29:15
539,574,5,7,0,0,0,1596054426,1,1,2020-07-30 08:29:15
540,575,4,8,0,0,0,1596109969,1,1,2020-07-30 08:29:15
541,576,3,9,2,0,0,1596114008,1,1,2020-07-30 08:29:15
542,577,7,5,0,0,0,1596079543,1,1,2020-07-30 08:29:15
543,578,4,8,0,0,0,1596079697,1,1,2020-07-30 08:29:15
544,579,1,10,0,1,0,1596032097,1,1,2020-07-30 08:29:15
545,580,6,6,0,0,0,1596013238,1,1,2020-07-30 08:29:15
546,581,5,14,0,0,0,1596026090,1,1,2020-07-30 08:29:15
547,582,10,1,0,0,0,1596013239,1,1,2020-07-30 08:29:15
548,583,13,6,0,0,0,1596113300,1,1,2020-07-30 08:29:15
549,584,11,0,0,0,0,1596071706,1,1,2020-07-30 08:29:15
550,585,10,1,0,0,0,1596105064,1,1,2020-07-30 08:29:15
551,586,11,8,0,0,0,1596109027,1,1,2020-07-30 08:29:15
552,587,12,7,1,0,0,1596115553,1,1,2020-07-30 08:29:15
553,588,4,11,1,0,0,1596114624,1,1,2020-07-30 08:29:15
554,589,0,19,0,0,0,1596113990,1,1,2020-07-30 08:29:15
555,590,1,18,0,0,0,1596109870,1,1,2020-07-30 08:29:15
556,591,5,14,0,0,0,1596113151,1,1,2020-07-30 08:29:15
557,592,1,18,0,0,0,1596065620,1,1,2020-07-30 08:29:15
558,593,17,0,0,0,0,1596042859,1,1,2020-07-30 08:29:15
559,594,7,12,1,0,0,1596077358,1,1,2020-07-30 08:29:15
560,595,12,5,1,0,0,1596114456,1,1,2020-07-30 08:29:15
561,596,15,1,1,0,0,1596113252,1,1,2020-07-30 08:29:15
562,597,10,7,1,0,0,1596104947,1,1,2020-07-30 08:29:15
563,598,1,10,0,0,0,1596038408,1,1,2020-07-30 08:29:15
564,599,7,7,1,1,0,1596104878,1,1,2020-07-30 08:29:15
565,601,11,4,0,0,0,1596113829,1,1,2020-07-30 08:29:15
566,602,12,6,0,1,0,1596109533,1,1,2020-07-30 08:29:15
567,603,18,1,0,0,0,1596115545,1,1,2020-07-30 08:29:15
568,604,14,1,1,0,0,1596073956,1,1,2020-07-30 08:29:15
569,605,3,16,0,0,0,1596110917,1,1,2020-07-30 08:29:15
570,606,1,18,0,0,0,1596077505,1,1,2020-07-30 08:29:15
571,607,0,19,0,0,0,1596108939,1,1,2020-07-30 08:29:15
572,608,8,11,0,0,0,1596113068,1,1,2020-07-30 08:29:15
573,609,17,0,0,0,0,1596110508,1,1,2020-07-30 08:29:15
574,610,10,8,0,1,0,1596113256,1,1,2020-07-30 08:29:15
575,611,6,11,0,0,0,1596115093,1,1,2020-07-30 08:29:15
576,612,8,11,0,0,0,1596066202,1,1,2020-07-30 08:29:15
577,613,4,15,1,0,0,1596061873,1,1,2020-07-30 08:29:15
578,614,12,3,0,0,0,1596013241,1,1,2020-07-30 08:29:15
579,615,16,7,0,0,0,1596056960,1,1,2020-07-30 08:29:15
580,616,10,9,0,0,0,1596075466,1,1,2020-07-30 08:29:15
581,617,5,14,0,0,0,1596074675,1,1,2020-07-30 08:29:15
582,618,5,14,0,0,0,1596066797,1,1,2020-07-30 08:29:15
583,619,5,14,1,0,0,1596114827,1,1,2020-07-30 08:29:15
584,620,3,16,0,0,0,1596110421,1,1,2020-07-30 08:29:15
585,621,10,9,0,0,0,1596013243,1,1,2020-07-30 08:29:15
586,622,2,8,0,1,1,1596069471,1,1,2020-07-30 08:29:15
587,623,16,3,0,0,0,1596115554,1,1,2020-07-30 08:29:15
588,624,19,0,0,0,0,1596069664,1,1,2020-07-30 08:29:15
589,625,2,8,1,0,0,1596067223,1,1,2020-07-30 08:29:15
590,626,10,7,0,0,0,1596115747,1,1,2020-07-30 08:29:15
591,628,9,3,1,0,0,1596062273,1,1,2020-07-30 08:29:15
592,629,19,0,2,0,0,1596105836,1,1,2020-07-30 08:29:15
593,630,8,7,0,0,0,1596115106,1,1,2020-07-30 08:29:15
594,632,3,12,0,0,0,1596056269,1,1,2020-07-30 08:29:15
595,633,6,13,0,0,0,1596075389,1,1,2020-07-30 08:29:15
